date,raw_close,adjusted_close,volume
2015-01-02,-0.67,,15068.0
2015-01-05,-0.59,,6501.0
2015-01-06,-0.6,,1640.0
2015-01-07,-0.61,,834.0
2015-01-08,-0.64,,2951.0
2015-01-09,-0.66,,2700.0
2015-01-12,-0.66,,4100.0
2015-01-13,-0.67,,1900.0
2015-01-14,-0.69,,300.0
2015-01-15,-0.67,,1002.0
2015-01-16,-0.68,,430.0
2015-01-20,-0.67,,4232.0
2015-01-23,-0.72,,2949.0
2015-01-26,-0.7,,700.0
2015-01-27,-0.65,,12300.0
2015-01-28,-0.64,,6304.0
2015-01-29,-0.7,,800.0
2015-01-30,-0.7,,21632.0
2015-02-02,-0.7,,10511.0
2015-02-03,-0.7,,8200.0
2015-02-04,-0.5,,9741.0
2015-02-06,-0.52,,3774.0
2015-02-09,-0.6,,8256.0
2015-02-10,0.3,,72745.0
2015-02-11,0.4,,51131.0
2015-02-12,0.47,,33667.0
2015-02-13,0.5,,11186.0
2015-02-17,0.67,,5589.0
2015-02-18,0.76,,26710.0
2015-02-19,0.86,,2660.0
2015-02-20,0.9,,15427.0
2015-02-23,0.9,,6472.0
2015-02-24,0.86,,9833.0
2015-02-25,1.0,,2726.0
2015-02-26,0.97,,2528.0
2015-02-27,0.91,,7980.0
2015-03-02,0.98,,7096.0
2015-03-03,0.91,,5249.0
2015-03-04,0.86,,1596.0
2015-03-05,0.87,,2709.0
2015-03-06,0.97,,5701.0
2015-03-09,0.95,,15003.0
2015-03-10,0.94,,4524.0
2015-03-11,0.78,,13542.0
2015-03-12,0.8,,2570.0
2015-03-13,0.79,,8475.0
2015-03-16,0.84,,4611.0
2015-03-17,0.85,,1949.0
2015-03-18,0.84,,2702.0
2015-03-19,0.9,,1440.0
2015-03-20,1.0,,6798.0
2015-03-23,1.17,,28235.0
2015-03-24,1.06,,2800.0
2015-03-25,1.0,,2629.0
2015-03-26,0.89,,6959.0
2015-03-27,0.78,,13857.0
2015-03-30,0.7,,61931.0
2015-03-31,0.65,,4588.0
2015-04-01,0.73,,8229.0
2015-04-02,0.66,,15527.0
2015-04-06,0.7,,25092.0
2015-04-07,0.68,,3801.0
2015-04-08,0.65,,23953.0
2015-04-09,0.67,,17523.0
2015-04-10,0.56,,62059.0
2015-04-13,0.5,,100785.0
2015-04-14,0.51,,20090.0
2015-04-15,0.63,,4156.0
2015-04-16,0.62,,3024.0
2015-04-17,0.58,,2869.0
2015-04-20,0.6,,7551.0
2015-04-22,0.74,,3434.0
2015-04-23,0.75,,2785.0
2015-04-24,0.69,,6712.0
2015-04-27,0.6,,597.0
2015-04-28,0.62,,946.0
2015-04-29,0.65,,2476.0
2015-04-30,0.61,,9300.0
2015-05-01,0.66,,2107.0
2015-05-04,0.65,,3003.0
2015-05-05,0.55,,10264.0
2015-05-06,0.76,,1988.0
2015-05-07,0.68,,6916.0
2015-05-08,0.64,,11600.0
2015-05-12,0.7,,7102.0
2015-05-13,0.71,,3836.0
2015-05-14,0.73,,1100.0
2015-05-15,0.75,,601.0
2015-05-18,0.67,,7293.0
2015-05-19,0.7,,702.0
2015-05-20,0.63,,7970.0
2015-05-21,0.67,,3309.0
2015-05-22,0.59,,2312.0
2015-05-26,0.6,,3800.0
2015-05-27,0.66,,363.0
2015-05-28,0.64,,1427.0
2015-05-29,0.59,,4011.0
2015-06-01,0.63,,341.0
2015-06-02,0.59,,1492.0
2015-06-04,0.59,,6737.0
2015-06-05,0.52,,1705.0
2015-06-10,0.59,,13356.0
2015-06-11,0.65,,12779.0
2015-06-15,0.6,,2971.0
2015-06-16,0.57,,7539.0
2015-06-17,0.66,,1807.0
2015-06-18,0.56,,118.0
2015-06-19,0.57,,1855.0
2015-06-22,0.58,,1654.0
2015-06-23,0.6,,1708.0
2015-06-24,0.53,,166.0
2015-06-25,0.56,,2632.0
2015-06-26,0.62,,3976.0
2015-06-30,0.6,,2900.0
2015-07-01,0.55,,3130.0
2015-07-02,0.55,,1111.0
2015-07-06,0.6,,832.0
2015-07-07,0.63,,4878.0
2015-07-08,0.54,,1637.0
2015-07-09,0.74,,5148.0
2015-07-10,0.76,,1200.0
2015-07-13,0.72,,884.0
2015-07-14,0.66,,2716.0
2015-07-15,0.73,,890.0
2015-07-16,0.66,,1170.0
2015-07-17,0.67,,397.0
2015-07-20,0.68,,200.0
2015-07-21,0.61,,2350.0
2015-07-22,0.62,,415.0
2015-07-23,0.55,,6110.0
2015-07-24,0.55,,2257.0
2015-07-27,0.56,,400.0
2015-07-28,0.6,,1800.0
2015-07-29,0.58,,2203.0
2015-07-30,0.67,,10208.0
2015-07-31,0.65,,2700.0
2015-08-03,0.56,,3227.0
2015-08-04,0.6,,1257.0
2015-08-05,0.62,,632.0
2015-08-06,0.54,,1237.0
2015-08-07,0.68,,2252.0
2015-08-10,0.61,,2100.0
2015-08-11,0.6,,2327.0
2015-08-12,0.58,,4469.0
2015-08-13,0.52,,812.0
2015-08-14,0.51,,4967.0
2015-08-17,0.68,,14100.0
2015-08-19,0.57,,3700.0
2015-08-20,0.55,,1844.0
2015-08-21,0.53,,19710.0
2015-08-24,0.48,,2703.0
2015-08-25,0.39,,16957.0
2015-08-26,0.56,,12374.0
2015-08-27,0.48,,5412.0
2015-08-28,0.45,,2567.0
2015-08-31,0.48,,7990.0
2015-09-01,0.48,,1847.0
2015-09-02,0.45,,4934.0
2015-09-03,0.48,,4311.0
2015-09-04,0.49,,493.0
2015-09-08,0.5,,6071.0
2015-09-09,0.5,,1021.0
2015-09-10,0.54,,3973.0
2015-09-11,0.5,,1440.0
2015-09-14,0.5,,811.0
2015-09-15,0.4,,901.0
2015-09-16,0.49,,1728.0
2015-09-17,0.4,,2253.0
2015-09-18,0.69,,11504.0
2015-09-21,0.82,,11763.0
2015-09-22,0.8,,6450.0
2015-09-23,0.52,,2536.0
2015-09-24,0.45,,1600.0
2015-09-25,0.4,,1173.0
2015-09-28,0.4,,5842.0
2015-10-02,0.41,,100.0
2015-10-05,0.35,,9329.0
2015-10-06,0.49,,547.0
2015-10-07,0.29,,111451.0
2015-10-12,0.17,,2100.0
2015-10-13,-0.01,,53806.0
2015-10-14,0.02,,542.0
2015-10-15,0.0,,51854.0
2015-10-16,0.14,,6079.0
2015-10-19,0.15,,3600.0
2015-10-20,-0.09,,6643.0
2015-10-21,-0.06,,645.0
2015-10-22,-0.1,,2991.0
2015-10-23,-0.21,,49666.0
2015-10-26,-0.23,,6594.0
2015-10-27,-0.13,,781.0
2015-10-29,-0.14,,208.0
2015-10-30,-0.1,,33754.0
2015-11-02,-0.06,,30596.0
2015-11-03,-0.08,,300.0
2015-11-04,0.08,,1717.0
2015-11-05,-0.05,,788.0
2015-11-06,0.08,,242362.0
2015-11-09,0.12,,4871.0
2015-11-10,0.09,,531.0
2015-11-11,0.02,,320.0
2015-11-12,0.02,,333.0
2015-11-13,0.09,,932.0
2015-11-17,0.01,,5211.0
2015-11-18,0.14,,1591.0
2015-11-19,0.15,,20963.0
2015-11-20,0.14,,380.0
2015-11-23,0.15,,3828.0
2015-11-24,0.11,,291.0
2015-11-25,0.07,,204.0
2015-11-27,0.09,,2730.0
2015-11-30,0.1,,1018.0
2015-12-01,0.1,,311.0
2015-12-02,0.1,,7146.0
2015-12-03,0.1,,805.0
2015-12-04,0.12,,590.0
2015-12-08,0.13,,1344.0
2015-12-09,0.11,,109.0
2015-12-10,0.16,,1987.0
2015-12-11,0.13,,77972.0
2015-12-14,-0.05,,13453.0
2015-12-15,-0.11,,7100.0
2015-12-16,-0.11,,3634.0
2015-12-17,-0.15,,22275.0
2015-12-18,-0.15,,6654.0
2015-12-21,-0.25,,78006.0
2015-12-22,-0.24,,1200.0
2015-12-23,-0.24,,29326.0
2015-12-24,-0.11,,825.0
2015-12-28,-0.17,,17490.0
2015-12-29,-0.17,,1617.0
2015-12-30,-0.16,,5099.0
2015-12-31,-0.15,,13244.0
2016-01-04,-0.21,,4657.0
2016-01-05,-0.17,,4233.0
2016-01-06,-0.23,,501.0
2016-01-07,-0.2,,3278.0
2016-01-08,-0.22,,1700.0
2016-01-11,-0.27,,4859.0
2016-01-12,-0.4,,12487.0
2016-01-13,-0.4,,6354.0
2016-01-14,-0.44,,1967.0
2016-01-15,-0.49,,1421.0
2016-01-19,-0.55,,4713.0
2016-01-20,-0.58,,796.0
2016-01-21,-0.57,,2207.0
2016-01-22,-0.44,,7139.0
2016-01-25,-0.42,,1139.0
2016-01-26,-0.45,,3187.0
2016-01-27,-0.39,,221.0
2016-01-28,-0.32,,374.0
2016-01-29,-0.58,,7027.0
2016-02-01,-0.58,,2807.0
2016-02-02,-0.63,,5653.0
2016-02-03,-0.75,,5032.0
2016-02-04,-0.74,,6995.0
2016-02-05,-0.75,,100.0
2016-02-09,-0.75,,1507.0
2016-02-11,-0.84,,1408.0
2016-02-12,-0.75,,2100.0
2016-02-16,-0.75,,40400.0
2016-02-17,-0.66,,1561.0
2016-02-18,-0.65,,127.0
2016-02-19,-0.68,,1106.0
2016-02-22,-0.69,,315.0
2016-02-23,-0.66,,5284.0
2016-02-24,-0.68,,100.0
2016-02-25,-0.61,,2912.0
2016-02-26,-0.61,,204.0
2016-02-29,-0.63,,2575.0
2016-03-01,-0.69,,104.0
2016-03-02,-0.43,,3201.0
2016-03-03,-0.5,,400.0
2016-03-04,-0.49,,1551.0
2016-03-07,-0.55,,2521.0
2016-03-09,-0.55,,107.0
2016-03-15,-0.54,,611.0
2016-03-16,-0.4,,25322.0
2016-03-17,-0.23,,15186.0
2016-03-18,-0.3,,130.0
2016-03-21,-0.33,,2304.0
2016-03-22,-0.33,,300.0
2016-03-23,-0.16,,4231.0
2016-03-24,-0.15,,11200.0
2016-03-28,-0.02,,6448.0
2016-03-29,-0.05,,335.0
2016-03-30,-0.02,,1920.0
2016-03-31,-0.1,,4917.0
2016-04-01,-0.14,,231.0
2016-04-04,-0.05,,5002.0
2016-04-05,-0.1,,128.0
2016-04-08,-0.05,,1933.0
2016-04-11,0.02,,564.0
2016-04-12,0.05,,2282.0
2016-04-14,0.1,,1088.0
2016-04-15,-0.08,,969.0
2016-04-18,0.09,,1609.0
2016-04-19,0.01,,2900.0
2016-04-20,-0.15,,18295.0
2016-04-25,-0.11,,1184.0
2016-04-28,-0.05,,1582.0
2016-04-29,-0.05,,140.0
2016-05-02,-0.1,,3119.0
2016-05-03,-0.08,,4965.0
2016-05-04,-0.08,,3918.0
2016-05-05,-0.01,,915.0
2016-05-06,-0.08,,174.0
2016-05-09,-0.07,,1223.0
2016-05-10,-0.05,,1212.0
2016-05-11,-0.15,,9829.0
2016-05-12,-0.15,,279.0
2016-05-13,-0.15,,1000.0
2016-05-16,-0.19,,102.0
2016-05-17,-0.19,,146.0
2016-05-18,-0.12,,1550.0
2016-05-19,-0.15,,1952.0
2016-05-23,-0.15,,102.0
2016-05-24,-0.15,,102.0
2016-05-25,-0.15,,102.0
2016-05-27,-0.18,,106.0
2016-05-31,-0.15,,2012.0
2016-06-01,-0.15,,3642.0
2016-06-02,-0.11,,2464.0
2016-06-03,-0.19,,2800.0
2016-06-06,-0.13,,215.0
2016-06-07,-0.16,,624.0
2016-06-08,-0.25,,3300.0
2016-06-09,-0.25,,2900.0
2016-06-10,-0.27,,4263.0
2016-06-13,-0.16,,2209.0
2016-06-14,-0.26,,2805.0
2016-06-15,-0.2,,3250.0
2016-06-16,-0.08,,3705.0
2016-06-17,0.03,,7498.0
2016-06-20,0.05,,4491.0
2016-06-21,0.15,,3536.0
2016-06-22,0.23,,3570.0
2016-06-23,0.26,,5202.0
2016-06-24,0.3,,5058.0
2016-06-28,0.44,,4761.0
2016-06-29,0.43,,148.0
2016-06-30,0.42,,3724.0
2016-07-01,0.33,,1037.0
2016-07-05,0.35,,301.0
2016-07-06,0.44,,1000.0
2016-07-07,0.35,,1600.0
2016-07-08,0.44,,600.0
2016-07-11,0.57,,12310.0
2016-07-12,0.58,,7704.0
2016-07-13,1.0,,19132.0
2016-07-14,1.0,,2344.0
2016-07-15,1.02,,3542.0
2016-07-18,1.48,,54236.0
2016-07-19,1.62,,10065.0
2016-07-20,1.36,,9394.0
2016-07-21,1.31,,9949.0
2016-07-22,1.15,,7540.0
2016-07-25,1.18,,2260.0
2016-07-26,1.2,,6793.0
2016-07-27,1.15,,8480.0
2016-07-28,1.25,,7262.0
2016-07-29,1.11,,2174.0
2016-08-01,0.78,,6158.0
2016-08-02,0.95,,5829.0
2016-08-03,0.78,,1678.0
2016-08-04,0.87,,256.0
2016-08-05,0.9,,600.0
2016-08-08,0.88,,5708.0
2016-08-09,0.91,,1405.0
2016-08-10,0.92,,950.0
2016-08-11,1.17,,4836.0
2016-08-12,1.15,,352.0
2016-08-15,1.26,,10408.0
2016-08-16,1.18,,200.0
2016-08-17,1.17,,200.0
2016-08-18,1.12,,417.0
2016-08-19,1.25,,12173.0
2016-08-22,1.39,,1294.0
2016-08-23,1.44,,1477.0
2016-08-24,1.54,,5373.0
2016-08-25,1.65,,5233.0
2016-08-26,1.58,,2670.0
2016-08-29,1.25,,20370.0
2016-08-30,1.2,,20341.0
2016-08-31,1.31,,55066.0
2016-09-01,1.44,,18430.0
2016-09-02,1.51,,187058.0
2016-09-06,2.39,,224975.0
2016-09-07,3.23,,198549.0
2016-09-08,2.9,,140649.0
2016-09-09,2.68,,14740.0
2016-09-12,2.84,,10168.0
2016-09-13,2.9,,11175.0
2016-09-14,2.86,,12013.0
2016-09-15,3.47,,170969.0
2016-09-16,3.5,,36220.0
2016-09-19,3.48,,57983.0
2016-09-20,3.03,,13937.0
2016-09-21,3.36,,28131.0
2016-09-22,3.28,,10392.0
2016-09-23,3.62,,18576.0
2016-09-26,3.46,,20959.0
2016-09-27,3.35,,12293.0
2016-09-28,3.38,,3975.0
2016-09-29,3.33,,17262.0
2016-09-30,3.43,,3646.0
2016-10-03,3.41,,8417.0
2016-10-04,3.31,,9592.0
2016-10-05,3.31,,8775.0
2016-10-06,3.17,,3058.0
2016-10-07,3.14,,2165.0
2016-10-10,3.2,,2009.0
2016-10-11,3.2,,3545.0
2016-10-13,3.25,,1207.0
2016-10-14,3.22,,164.0
2016-10-17,3.2,,6094.0
2016-10-18,3.28,,5335.0
2016-10-19,3.16,,2327.0
2016-10-20,3.16,,3104.0
2016-10-21,3.1,,600.0
2016-10-24,2.98,,49431.0
2016-10-25,2.97,,439.0
2016-10-26,2.9,,2002.0
2016-10-27,2.94,,1292.0
2016-10-28,2.93,,6480.0
2016-10-31,2.89,,3316.0
2016-11-01,2.38,,31462.0
2016-11-02,2.38,,1892.0
2016-11-03,2.37,,333.0
2016-11-04,2.28,,836.0
2016-11-07,2.33,,5040.0
2016-11-08,2.46,,1749.0
2016-11-09,2.51,,2497.0
2016-11-10,2.5,,4158.0
2016-11-11,2.45,,20211.0
2016-11-14,2.44,,7916.0
2016-11-15,3.23,,18804.0
2016-11-16,3.1,,1370.0
2016-11-17,3.07,,1151.0
2016-11-18,3.12,,551.0
2016-11-22,3.29,,1820.0
2016-11-23,3.06,,2400.0
2016-11-25,3.0,,268.0
2016-11-28,2.58,,40556.0
2016-11-29,2.66,,37921.0
2016-11-30,2.64,,23402.0
2016-12-01,2.56,,4989.0
2016-12-02,2.57,,806.0
2016-12-05,2.59,,12749.0
2016-12-06,2.6,,2268.0
2016-12-07,2.52,,7101.0
2016-12-08,2.64,,97664.0
2016-12-09,2.89,,60485.0
2016-12-12,2.6,,4946.0
2016-12-13,2.63,,9223.0
2016-12-14,2.76,,12262.0
2016-12-15,2.62,,6287.0
2016-12-16,2.9,,2310.0
2016-12-19,2.84,,1074.0
2016-12-20,2.65,,2870.0
2016-12-21,3.02,,18439.0
2016-12-22,3.09,,6485.0
2016-12-23,3.09,,1000.0
2016-12-27,2.94,,1997.0
2016-12-28,3.03,,2148.0
2016-12-29,2.79,,7601.0
2016-12-30,2.92,,1169.0
2017-01-03,2.83,,464.0
2017-01-04,2.77,,116.0
2017-01-05,2.72,,201.0
2017-01-06,2.37,,19485.0
2017-01-09,2.54,,60857.0
2017-01-10,2.36,,3639.0
2017-01-11,2.49,,2005.0
2017-01-12,2.5,,20014.0
2017-01-13,2.59,,4643.0
2017-01-17,2.5,,2326.0
2017-01-18,2.32,,96319.0
2017-01-19,2.58,,35332.0
2017-01-20,2.5,,4825.0
2017-01-24,2.5,,3459.0
2017-01-25,2.55,,982.0
2017-01-26,2.5,,290.0
2017-01-27,2.5,,265.0
2017-01-30,2.55,,830.0
2017-01-31,2.54,,4209.0
2017-02-01,2.5,,26822.0
2017-02-02,2.41,,1609.0
2017-02-03,2.36,,1987.0
2017-02-06,2.4,,4971.0
2017-02-07,2.4,,107.0
2017-02-08,2.34,,2232.0
2017-02-09,2.36,,1100.0
2017-02-10,2.15,,34864.0
2017-02-13,1.91,,9758.0
2017-02-14,2.07,,351.0
2017-02-15,1.75,,29843.0
2017-02-16,1.9,,3346.0
2017-02-17,1.8,,15476.0
2017-02-21,1.86,,12230.0
2017-02-22,1.48,,16312.0
2017-02-23,1.44,,4586.0
2017-02-27,1.61,,30482.0
2017-02-28,1.67,,38105.0
2017-03-01,1.5,,22963.0
2017-03-02,1.62,,201.0
2017-03-03,1.56,,2120.0
2017-03-06,1.52,,4459.0
2017-03-07,1.54,,119.0
2017-03-08,1.36,,6673.0
2017-03-09,1.76,,643.0
2017-03-10,1.46,,12329.0
2017-03-13,1.4,,13236.0
2017-03-14,1.6,,25659.0
2017-03-15,1.38,,22383.0
2017-03-16,1.64,,18667.0
2017-03-17,1.43,,22865.0
2017-03-20,1.43,,10646.0
2017-03-21,1.35,,806.0
2017-03-22,1.67,,43596.0
2017-03-23,1.74,,29000.0
2017-03-24,1.75,,2000.0
2017-03-27,1.71,,2439.0
2017-03-28,1.93,,746.0
2017-03-29,1.78,,37534.0
2017-03-30,1.68,,40448.0
2017-03-31,1.91,,61168.0
2017-04-03,1.87,,50435.0
2017-04-04,1.99,,520.0
2017-04-05,1.85,,5328.0
2017-04-06,1.81,,3017.0
2017-04-07,1.72,,1717.0
2017-04-10,1.93,,2046.0
2017-04-11,1.86,,46062.0
2017-04-12,1.93,,656.0
2017-04-13,2.34,,3231.0
2017-04-17,2.15,,3786.0
2017-04-18,2.15,,5414.0
2017-04-19,2.25,,45594.0
2017-04-20,2.5,,4045.0
2017-04-24,2.5,,9077.0
2017-04-25,2.08,,45443.0
2017-04-26,2.08,,11293.0
2017-04-27,1.51,,49419.0
2017-04-28,1.51,,4790.0
2017-05-01,1.39,,37009.0
2017-05-02,1.34,,87923.0
2017-05-03,1.28,,91423.0
2017-05-04,1.35,,72235.0
2017-05-05,1.43,,2009.0
2017-05-08,1.5,,1721.0
2017-05-09,1.53,,3702.0
2017-05-10,1.65,,817.0
2017-05-11,1.56,,2209.0
2017-05-12,1.6,,37676.0
2017-05-15,1.68,,12366.0
2017-05-16,1.4,,134431.0
2017-05-17,1.55,,6165.0
2017-05-18,1.74,,1373.0
2017-05-19,1.8,,4313.0
2017-05-22,1.9,,3329.0
2017-05-23,1.96,,106.0
2017-05-25,1.87,,315.0
2017-06-01,2.0,,549.0
2017-06-02,2.1,,2578.0
2017-06-05,1.96,,9518.0
2017-06-06,2.33,,2625.0
2017-06-07,1.95,,8442.0
2017-06-08,2.48,,2012.0
2017-06-09,2.39,,10763.0
2017-06-12,2.49,,3335.0
2017-06-13,2.48,,1410.0
2017-06-14,2.39,,1536.0
2017-06-16,2.48,,7916.0
2017-06-19,2.47,,2921.0
2017-06-20,2.22,,1812.0
2017-06-21,2.32,,1410.0
2017-06-22,2.29,,2606.0
2017-06-23,2.28,,461.0
2017-06-28,2.27,,6384.0
2017-06-29,2.28,,7058.0
2017-06-30,2.28,,356.0
2017-07-03,2.28,,1584.0
2017-07-05,2.48,,7687.0
2017-07-06,2.49,,12008.0
2017-07-07,2.28,,28031.0
2017-07-10,2.3,,10570.0
2017-07-11,2.3,,586.0
2017-07-12,2.14,,1475.0
2017-07-13,2.28,,8476.0
2017-07-14,2.22,,11876.0
2017-07-17,2.49,,6000.0
2017-07-18,2.2,,5404.0
2017-07-19,2.31,,4889.0
2017-07-20,2.39,,2203.0
2017-07-21,2.3,,554.0
2017-07-24,2.25,,6741.0
2017-07-25,2.3,,4286.0
2017-07-26,2.24,,510.0
2017-07-27,2.3,,4930.0
2017-07-28,2.3,,599.0
2017-07-31,2.38,,2015.0
2017-08-01,2.35,,300.0
2017-08-02,2.35,,0.0
2017-08-03,2.35,,35.0
2017-08-04,2.35,,21.0
2017-08-07,2.35,,0.0
2017-08-08,2.35,,1319.0
2017-08-09,2.35,,1698.0
2017-08-10,2.4,,3934.0
2017-08-11,2.44,,4247.0
2017-08-14,2.33,,2730.0
2017-08-15,2.49,,8845.0
2017-08-16,2.5,,2213.0
2017-08-17,2.47,,1782.0
2017-08-18,2.48,,1607.0
2017-08-21,2.5,,513.0
2017-08-22,2.6,,8863.0
2017-08-23,2.6,,3220.0
2017-08-24,2.45,,7081.0
2017-08-25,2.5,,13792.0
2017-08-28,2.45,,230.0
2017-08-29,2.4,,3797.0
2017-08-30,2.45,,1814.0
2017-08-31,2.36,,9087.0
2017-09-01,2.35,,14550.0
2017-09-05,2.4,,4679.0
2017-09-06,2.5,,1012.0
2017-09-07,2.45,,1237.0
2017-09-08,2.48,,1336.0
2017-09-11,2.46,,14517.0
2017-09-12,2.43,,3210.0
2017-09-13,2.49,,1094.0
2017-09-14,2.49,,6587.0
2017-09-15,2.44,,3914.0
2017-09-18,2.41,,1201.0
2017-09-19,2.42,,10273.0
2017-09-20,2.4,,6053.0
2017-09-21,2.5,,14488.0
2017-09-22,2.36,,549.0
2017-09-25,2.5,,11240.0
2017-09-26,2.5,,1.0
2017-09-27,2.47,,1417.0
2017-09-28,2.5,,5575.0
2017-09-29,2.5,,35.0
2017-10-02,2.5,,8012.0
2017-10-03,2.58,,10348.0
2017-10-04,2.69,,5563.0
2017-10-05,2.73,,1379.0
2017-10-06,2.73,,303.0
2017-10-09,2.73,,1.0
2017-10-10,2.61,,2918.0
2017-10-11,2.56,,3372.0
2017-10-12,2.45,,1899.0
2017-10-13,2.35,,16650.0
2017-10-16,2.45,,3879.0
2017-10-17,2.29,,993.0
2017-10-18,2.07,,4088.0
2017-10-19,2.14,,3575.0
2017-10-20,2.21,,2418.0
2017-10-23,2.4,,1923.0
2017-10-24,2.62,,2554.0
2017-10-25,2.61,,690.0
2017-10-26,2.61,,20.0
2017-10-27,2.68,,178.0
2017-10-30,2.68,,5.0
2017-10-31,2.68,,0.0
2017-11-01,2.64,,5717.0
2017-11-02,2.65,,0.0
2017-11-03,2.64,,70.0
2017-11-06,2.66,,13326.0
2017-11-07,2.42,,13813.0
2017-11-08,2.5,,924.0
2017-11-09,2.5,,7.0
2017-11-10,2.5,,189.0
2017-11-13,2.5,,226.0
2017-11-14,2.5,,10.0
2017-11-15,2.5,,35.0
2017-11-16,2.41,,1436.0
2017-11-17,2.35,,7086.0
2017-11-20,2.43,,167.0
2017-11-21,2.44,,6482.0
2017-11-22,2.44,,74.0
2017-11-24,2.47,,335.0
2017-11-27,2.4,,5311.0
2017-11-28,2.4,,11.0
2017-11-29,2.38,,5417.0
2017-11-30,2.46,,204.0
2017-12-01,2.4,,8758.0
2017-12-04,2.32,,1115.0
2017-12-05,2.41,,2530.0
2017-12-06,2.49,,3910.0
2017-12-07,2.58,,8350.0
2017-12-08,2.51,,1184.0
2017-12-11,2.54,,242.0
2017-12-12,2.49,,3761.0
2017-12-13,2.5,,2895.0
2017-12-14,2.5,,1613.0
2017-12-15,2.42,,7728.0
2017-12-18,2.45,,1422.0
2017-12-19,2.45,,15.0
2017-12-20,2.48,,3712.0
2017-12-21,2.49,,2346.0
2017-12-22,2.49,,1980.0
2017-12-26,2.42,,14246.0
2017-12-27,2.48,,3900.0
2017-12-28,2.52,,3691.0
2017-12-29,2.52,,3679.0
2018-01-02,2.41,,178.0
2018-01-03,2.5,,706.0
2018-01-04,2.52,,1889.0
2018-01-05,2.52,,1875.0
2018-01-08,2.55,,140.0
2018-01-09,2.55,,155.0
2018-01-10,2.55,,1590.0
2018-01-11,2.59,,8523.0
2018-01-12,2.6,,0.0
2018-01-16,2.65,,6388.0
2018-01-17,2.61,,5817.0
2018-01-18,2.55,,134.0
2018-01-19,2.65,,3075.0
2018-01-22,2.53,,5975.0
2018-01-23,2.53,,1540.0
2018-01-24,2.56,,2296.0
2018-01-25,2.66,,6172.0
2018-01-26,2.65,,9544.0
2018-01-29,2.8,,10592.0
2018-01-30,2.95,,23709.0
2018-01-31,3.12,,1408.0
2018-02-01,3.1,,2631.0
2018-02-02,3.15,,2416.0
2018-02-05,3.15,,257.0
2018-02-06,3.05,,930.0
2018-02-07,3.09,,513.0
2018-02-08,3.03,,672.0
2018-02-09,3.01,,318.0
2018-02-12,3.04,,960.0
2018-02-13,3.05,,714.0
2018-02-14,3.0,,3115.0
2018-02-15,3.02,,1111.0
2018-02-20,2.97,,150.0
2018-02-21,3.05,,1151.0
2018-02-22,3.05,,186.0
2018-02-23,3.08,,374.0
2018-02-26,3.12,,1829.0
2018-02-27,3.12,,51.0
2018-02-28,3.12,,87.0
2018-03-01,3.09,,444.0
2018-03-02,3.09,,38.0
2018-03-05,3.09,,174.0
2018-03-06,3.07,,4002.0
2018-03-07,2.92,,5311.0
2018-03-08,2.84,,2775.0
2018-03-09,2.69,,6817.0
2018-03-12,2.7,,57.0
2018-03-13,2.79,,600.0
2018-03-14,2.79,,1432.0
2018-03-15,2.75,,4474.0
2018-03-16,2.76,,1187.0
2018-03-19,2.81,,6915.0
2018-03-20,2.85,,305.0
2018-03-21,2.88,,629.0
2018-03-22,2.78,,11241.0
2018-03-23,2.88,,755.0
2018-03-26,2.78,,6647.0
2018-03-27,2.7,,5359.0
2018-03-28,2.69,,5451.0
2018-03-29,2.69,,7594.0
2018-04-02,2.62,,7232.0
2018-04-03,2.47,,4838.0
2018-04-04,2.55,,666.0
2018-04-05,2.87,,3960.0
2018-04-06,2.77,,2277.0
2018-04-09,2.95,,2601.0
2018-04-10,2.95,,987.0
2018-04-11,2.8,,445.0
2018-04-13,2.85,,1019.0
2018-04-16,2.85,,4.0
2018-04-17,2.85,,70.0
2018-04-18,2.85,,92.0
2018-04-19,2.89,,3347.0
2018-04-25,2.85,,4641.0
2018-04-26,2.68,,785.0
2018-04-27,2.68,,103.0
2018-04-30,2.75,,2870.0
2018-05-01,2.71,,364.0
2018-05-02,2.68,,8724.0
2018-05-03,2.7,,437.0
2018-05-04,2.71,,2102.0
2018-05-07,2.74,,1600.0
2018-05-08,2.74,,20.0
2018-05-09,2.71,,1206.0
2018-05-10,2.71,,15.0
2018-05-11,2.71,,1437.0
2018-05-15,2.69,,462.0
2018-05-16,2.66,,2137.0
2018-05-17,2.7,,1963.0
2018-05-18,2.71,,2296.0
2018-05-21,2.74,,629.0
2018-05-22,2.69,,1500.0
2018-05-25,2.66,,8018.0
2018-05-29,2.61,,1133.0
2018-05-30,2.44,,524.0
2018-05-31,2.51,,9885.0
2018-06-01,2.58,,3386.0
2018-06-04,2.64,,768.0
2018-06-05,2.64,,6.0
2018-06-06,2.39,,2682.0
2018-06-07,2.5,,3323.0
2018-06-08,2.37,,1592.0
2018-06-11,2.5,,2304.0
2018-06-12,2.5,,1501.0
2018-06-13,2.54,,120.0
2018-06-14,2.58,,119.0
2018-06-15,2.66,,1112.0
2018-06-18,2.62,,697.0
2018-06-19,2.5,,627.0
2018-06-20,2.6,,625.0
2018-06-21,2.58,,876.0
2018-06-22,2.62,,3578.0
2018-06-25,2.62,,83.0
2018-06-26,2.62,,9.0
2018-06-27,2.66,,1115.0
2018-06-28,2.63,,661.0
2018-06-29,2.63,,144.0
2018-07-02,2.63,,11.0
2018-07-05,2.69,,2495.0
2018-07-06,2.69,,13.0
2018-07-09,2.66,,349.0
2018-07-10,2.55,,1602.0
2018-07-11,2.7,,900.0
2018-07-12,2.7,,9.0
2018-07-13,2.57,,4979.0
2018-07-16,2.69,,674.0
2018-07-17,2.69,,35.0
2018-07-18,2.69,,140.0
2018-07-19,2.7,,374.0
2018-07-20,2.71,,1529.0
2018-07-23,2.9,,1806.0
2018-07-24,2.9,,87.0
2018-07-25,2.9,,56.0
2018-07-26,2.9,,47.0
2018-07-27,2.9,,134.0
2018-07-30,2.9,,79.0
2018-07-31,2.86,,792.0
2018-08-01,2.86,,15.0
2018-08-02,2.86,,61.0
2018-08-03,2.86,,1821.0
2018-08-06,2.86,,75.0
2018-08-07,2.86,,1.0
2018-08-08,2.86,,64.0
2018-08-09,2.86,,94.0
2018-08-10,2.86,,14.0
2018-08-13,2.86,,4.0
2018-08-14,2.86,,19.0
2018-08-15,2.83,,1398.0
2018-08-16,2.87,,796.0
2018-08-17,2.9,,1413.0
2018-08-20,2.9,,1390.0
2018-08-21,2.85,,593.0
2018-08-22,2.89,,696.0
2018-08-23,2.89,,70.0
2018-08-24,2.93,,395.0
2018-08-27,2.95,,188.0
2018-08-28,2.95,,150.0
2018-08-29,2.91,,323.0
2018-08-30,2.91,,132.0
2018-08-31,2.91,,57.0
2018-09-04,2.91,,14.0
2018-09-05,2.91,,153.0
2018-09-06,2.91,,11.0
2018-09-07,2.91,,2.0
2018-09-10,3.05,,3722.0
2018-09-11,3.41,,13508.0
2018-09-12,4.0,,8005.0
2018-09-13,4.4,,8718.0
2018-09-14,4.41,,3737.0
2018-09-17,5.08,,6960.0
2018-09-18,5.19,,16886.0
2018-09-19,5.25,,9840.0
2018-09-20,4.74,,8376.0
2018-09-21,3.54,,6500.0
2018-09-24,3.09,,6440.0
2018-09-25,2.76,,3307.0
2018-09-26,2.72,,174.0
2018-09-27,2.8,,1594.0
2018-09-28,2.81,,257.0
2018-10-01,2.84,,405.0
2018-10-02,2.91,,759.0
2018-10-03,3.05,,2333.0
2018-10-04,2.86,,743.0
2018-10-05,2.93,,278.0
2018-10-08,2.57,,5532.0
2018-10-09,2.45,,1027.0
2018-10-10,2.55,,666.0
2018-10-11,2.52,,6084.0
2018-10-12,2.53,,1450.0
2018-10-15,2.5,,1084.0
2018-10-16,2.64,,14233.0
2018-10-17,2.59,,22505.0
2018-10-18,2.8,,13063.0
2018-10-19,3.07,,20499.0
2018-10-22,2.7,,29051.0
2018-10-23,2.78,,1566.0
2018-10-24,2.37,,43748.0
2018-10-25,2.23,,5561.0
2018-10-26,2.05,,5624.0
2018-10-29,2.32,,3569.0
2018-10-30,2.04,,200.0
2018-10-31,2.16,,3380.0
2018-11-01,2.02,,2886.0
2018-11-02,1.95,,1255.0
2018-11-05,2.25,,625.0
2018-11-06,2.21,,265.0
2018-11-07,2.63,,1397.0
2018-11-08,2.78,,206.0
2018-11-09,2.78,,178.0
2018-11-12,2.78,,154.0
2018-11-13,2.8,,8490.0
2018-11-14,2.65,,2778.0
2018-11-15,2.7,,1878.0
2018-11-16,2.5,,3377.0
2018-11-19,2.57,,8572.0
2018-11-20,2.44,,1150.0
2018-11-21,2.48,,2261.0
2018-11-23,2.52,,636.0
2018-11-26,2.72,,8248.0
2018-11-27,2.72,,3001.0
2018-11-28,2.51,,1996.0
2018-11-29,2.77,,2649.0
2018-11-30,2.36,,3957.0
2018-12-03,2.7,,2487.0
2018-12-04,2.66,,402.0
2018-12-06,2.27,,3454.0
2018-12-07,2.34,,1152.0
2018-12-10,2.47,,4071.0
2018-12-11,2.47,,5522.0
2018-12-12,2.42,,4175.0
2018-12-13,2.46,,309.0
2018-12-14,2.49,,1156.0
2018-12-17,2.44,,13212.0
2018-12-18,2.3,,4726.0
2018-12-19,2.3,,31167.0
2018-12-20,1.57,,40586.0
2018-12-21,2.15,,16125.0
2018-12-24,1.81,,1976.0
2018-12-26,2.0,,202.0
2018-12-27,1.73,,12455.0
2018-12-28,1.8,,2902.0
2018-12-31,1.45,,27116.0
2019-01-02,1.32,,4705.0
2019-01-03,1.72,,1690.0
2019-01-04,2.04,,351.0
2019-01-07,1.72,,505.0
2019-01-08,2.26,,20.0
2019-01-09,1.84,,787.0
2019-01-10,1.83,,6874.0
2019-01-11,1.98,,1569.0
2019-01-14,1.9,,6854.0
2019-01-15,1.8,,140.0
2019-01-16,2.0,,804.0
2019-01-17,2.0,,267.0
2019-01-18,1.94,,5328.0
2019-01-22,2.09,,1712.0
2019-01-23,2.0,,209.0
2019-01-24,2.34,,3170.0
2019-01-25,2.3,,1469.0
2019-01-28,2.03,,1522.0
2019-01-29,1.86,,15228.0
2019-01-30,1.8,,591.0
2019-01-31,1.72,,1604.0
2019-02-01,1.92,,7630.0
2019-02-04,1.68,,1467.0
2019-02-05,1.64,,71428.0
2019-02-06,1.79,,265.0
2019-02-07,1.67,,3018.0
2019-02-08,1.84,,1683.0
2019-02-11,1.71,,258.0
2019-02-12,1.71,,253.0
2019-02-13,1.71,,236.0
2019-02-14,1.86,,2638.0
2019-02-15,1.97,,3681.0
2019-02-19,2.32,,970.0
2019-02-20,1.66,,31962.0
2019-02-21,1.56,,10608.0
2019-02-22,1.57,,3946.0
2019-02-25,1.56,,2208.0
2019-02-26,1.48,,11660.0
2019-02-27,1.46,,1856.0
2019-02-28,1.48,,1349.0
2019-03-01,1.29,,710.0
2019-03-04,1.18,,9425.0
2019-03-05,1.21,,1648.0
2019-03-06,1.41,,14267.0
2019-03-07,1.18,,7881.0
2019-03-08,1.25,,10677.0
2019-03-11,1.1,,19832.0
2019-03-12,1.1,,4913.0
2019-03-13,1.05,,3035.0
2019-03-15,1.02,,901.0
2019-03-18,0.66,,6187.0
2019-03-19,0.65,,3040.0
2019-03-20,0.84,,1027.0
2019-03-21,1.03,,7801.0
2019-03-22,1.25,,932.0
2019-03-25,1.22,,7725.0
2019-03-26,1.25,,2286.0
2019-03-27,1.2,,878.0
2019-03-28,1.17,,1403.0
2019-03-29,1.25,,982.0
2019-04-01,1.32,,2410.0
2019-04-02,1.41,,10459.0
2019-04-03,1.22,,9859.0
2019-04-04,1.24,,7425.0
2019-04-05,1.32,,2800.0
2019-04-08,1.28,,2037.0
2019-04-09,1.39,,8089.0
2019-04-10,1.36,,4048.0
2019-04-11,1.41,,7117.0
2019-04-12,1.05,,12768.0
2019-04-15,1.12,,5654.0
2019-04-16,1.1,,825.0
2019-04-17,1.13,,312.0
2019-04-18,1.29,,474.0
2019-04-22,1.09,,17514.0
2019-04-23,1.09,,7493.0
2019-04-24,0.9,,768.0
2019-04-25,0.96,,401.0
2019-04-26,0.92,,667.0
2019-04-29,1.21,,11047.0
2019-04-30,1.08,,16872.0
2019-05-01,1.08,,19648.0
2019-05-02,1.13,,6182.0
2019-05-03,0.98,,9918.0
2019-05-06,0.99,,12054.0
2019-05-07,0.97,,1152.0
2019-05-08,0.97,,499.0
2019-05-09,0.98,,4608.0
2019-05-10,0.9,,21010.0
2019-05-13,0.83,,1051.0
2019-05-14,0.67,,4527.0
2019-05-15,1.06,,37459.0
2019-05-16,1.07,,2887.0
2019-05-17,0.9,,29690.0
2019-05-20,0.83,,10698.0
2019-05-21,0.89,,21318.0
2019-05-22,0.84,,1315.0
2019-05-23,0.87,,138.0
2019-05-24,0.81,,21517.0
2019-05-28,0.62,,2002.0
2019-05-29,0.67,,11061.0
2019-05-30,0.65,,13328.0
2019-05-31,0.66,,2154.0
2019-06-03,0.55,,5380.0
2019-06-04,0.92,,23675.0
2019-06-05,0.9,,2465.0
2019-06-06,0.8,,13173.0
2019-06-07,0.74,,4555.0
2019-06-10,0.67,,5311.0
2019-06-11,0.74,,1815.0
2019-06-12,0.69,,5034.0
2019-06-13,0.69,,1061.0
2019-06-14,0.69,,10886.0
2019-06-17,0.59,,42420.0
2019-06-18,0.67,,32010.0
2019-06-19,0.96,,25616.0
2019-06-20,1.19,,25087.0
2019-06-21,1.17,,3207.0
2019-06-24,1.2,,13800.0
2019-06-25,1.33,,1081.0
2019-06-26,1.55,,2792.0
2019-06-27,2.36,,2799.0
2019-06-28,2.36,,2810.0
2019-07-01,1.54,,8066.0
2019-07-02,1.8,,15293.0
2019-07-03,1.9,,6142.0
2019-07-05,2.15,,805.0
2019-07-08,2.05,,2434.0
2019-07-10,1.96,,16606.0
2019-07-11,1.85,,32477.0
2019-07-12,1.64,,763.0
2019-07-15,1.64,,3.0
2019-07-16,1.66,,7969.0
2019-07-17,1.6,,8059.0
2019-07-18,1.27,,6628.0
2019-07-19,1.56,,2730.0
2019-07-22,1.65,,718.0
2019-07-23,1.58,,860.0
2019-07-24,1.69,,1268.0
2019-07-25,1.67,,3186.0
2019-07-26,1.54,,244.0
2019-07-29,1.54,,2756.0
2019-07-30,1.75,,632.0
2019-07-31,1.6,,4173.0
2019-08-01,1.54,,673.0
2019-08-02,1.71,,1416.0
2019-08-05,1.66,,669.0
2019-08-06,1.66,,149.0
2019-08-07,1.69,,3335.0
2019-08-08,1.53,,4618.0
2019-08-09,1.79,,1029.0
2019-08-12,1.55,,17381.0
2019-08-13,1.03,,36725.0
2019-08-14,0.89,,7034.0
2019-08-15,0.8,,28436.0
2019-08-16,1.06,,20884.0
2019-08-19,1.24,,10465.0
2019-08-20,1.2,,106994.0
2019-08-21,1.11,,1122.0
2019-08-22,1.11,,1023.0
2019-08-23,0.96,,4661.0
2019-08-26,0.94,,34142.0
2019-08-27,0.82,,2007.0
2019-08-28,0.97,,634.0
2019-08-29,0.88,,6337.0
2019-08-30,0.86,,1819.0
2019-09-03,0.88,,8527.0
2019-09-04,0.88,,5252.0
2019-09-05,1.17,,1947.0
2019-09-06,1.17,,304.0
2019-09-09,1.05,,14019.0
2019-09-10,0.93,,2484.0
2019-09-11,1.08,,4037.0
2019-09-12,1.04,,4013.0
2019-09-13,1.38,,17938.0
2019-09-16,1.28,,14354.0
2019-09-17,1.34,,5609.0
2019-09-18,1.34,,3047.0
2019-09-19,1.42,,1667.0
2019-09-20,1.2,,12198.0
2019-09-23,1.46,,13714.0
2019-09-24,1.13,,2921.0
2019-09-25,1.28,,9904.0
2019-09-26,1.34,,9015.0
2019-09-27,1.27,,7615.0
2019-09-30,1.22,,6006.0
2019-10-01,1.19,,16849.0
2019-10-02,1.11,,15850.0
2019-10-03,1.12,,13920.0
2019-10-04,1.3,,1854.0
2019-10-07,1.35,,1824.0
2019-10-08,1.2,,1433.0
2019-10-09,1.3,,20474.0
2019-10-10,1.49,,5165.0
2019-10-11,1.35,,12074.0
2019-10-14,1.3,,20734.0
2019-10-15,1.7,,12943.0
2019-10-16,1.33,,9131.0
2019-10-17,1.43,,24366.0
2019-10-18,1.35,,2517.0
2019-10-21,1.32,,6488.0
2019-10-22,1.34,,1573.0
2019-10-23,1.29,,6768.0
2019-10-24,1.29,,2846.0
2019-10-25,1.19,,19508.0
2019-10-28,1.58,,6632.0
2019-10-29,1.45,,7208.0
2019-10-30,1.33,,6811.0
2019-10-31,1.37,,472.0
2019-11-01,1.23,,561.0
2019-11-04,1.26,,8145.0
2019-11-05,1.33,,1567.0
2019-11-06,1.28,,8953.0
2019-11-07,1.25,,10923.0
2019-11-08,1.25,,7066.0
2019-11-11,1.29,,10000.0
2019-11-12,1.26,,785.0
2019-11-13,1.26,,404.0
2019-11-14,1.32,,516.0
2019-11-15,1.29,,1826.0
2019-11-18,1.2,,9123.0
2019-11-19,1.3,,1142.0
2019-11-20,1.39,,5904.0
2019-11-21,1.53,,3377.0
2019-11-22,1.77,,27901.0
2019-11-25,1.75,,376.0
2019-11-26,1.4,,6480.0
2019-11-27,1.5,,3532.0
2019-12-02,1.35,,2184.0
2019-12-03,1.43,,3898.0
2019-12-04,1.47,,2552.0
2019-12-05,1.36,,8455.0
2019-12-06,1.49,,17729.0
2019-12-09,1.5,,9861.0
2019-12-10,1.6,,1229.0
2019-12-11,1.43,,6795.0
2019-12-12,1.7,,1357.0
2019-12-13,1.64,,3793.0
2019-12-16,1.4,,86226.0
2019-12-17,1.4,,26858.0
2019-12-18,1.37,,12873.0
2019-12-19,1.29,,2435.0
2019-12-20,1.22,,15515.0
2019-12-23,1.18,,7699.0
2019-12-24,1.12,,5176.0
2019-12-26,1.1,,27776.0
2019-12-27,1.24,,272.0
2019-12-30,1.29,,876.0
2019-12-31,1.48,,2341.0
2020-01-02,1.45,,1077.0
2020-01-03,1.19,,11113.0
2020-01-06,1.2,,4768.0
2020-01-07,1.3,,4022.0
2020-01-08,1.2,,5611.0
2020-01-09,1.31,,4907.0
2020-01-10,1.23,,4996.0
2020-01-13,1.31,,6819.0
2020-01-14,1.09,,4316.0
2020-01-15,1.41,,4271.0
2020-01-16,1.38,,1455.0
2020-01-17,1.3,,10445.0
2020-01-21,1.45,,10697.0
2020-01-22,1.21,,8305.0
2020-01-23,1.45,,9784.0
2020-01-24,1.51,,9252.0
2020-01-27,1.59,,8612.0
2020-01-28,1.57,,9211.0
2020-01-29,1.5,,6151.0
2020-01-30,1.5,,7809.0
2020-01-31,1.6,,6770.0
2020-02-03,1.5,,490.0
2020-02-04,1.6,,9915.0
2020-02-05,1.52,,6537.0
2020-02-06,1.6,,5801.0
2020-02-07,1.7,,17361.0
2020-02-10,1.58,,269.0
2020-02-11,1.58,,9.0
2020-02-12,1.45,,3203.0
2020-02-13,1.4,,2511.0
2020-02-14,1.56,,36334.0
2020-02-18,1.45,,297.0
2020-02-19,1.45,,43.0
2020-02-20,1.6,,60839.0
2020-02-21,1.55,,3715.0
2020-02-24,1.6,,785.0
2020-02-25,1.6,,45.0
2020-02-26,1.5,,6719.0
2020-02-27,1.4,,4024.0
2020-02-28,1.36,,1345.0
2020-03-02,1.3,,10451.0
2020-03-03,1.49,,1769.0
2020-03-04,1.49,,810.0
2020-03-05,1.17,,1141.0
2020-03-06,1.15,,17141.0
2020-03-09,0.91,,916.0
2020-03-10,1.07,,1424.0
2020-03-11,0.64,,15907.0
2020-03-12,0.9,,16541.0
2020-03-13,0.77,,6379.0
2020-03-16,0.65,,2120.0
2020-03-17,0.78,,9650.0
2020-03-18,0.41,,6662.0
2020-03-19,0.59,,4830.0
2020-03-20,0.5,,3829.0
2020-03-23,0.25,,9319.0
2020-03-24,0.4,,1292.0
2020-03-25,0.38,,5217.0
2020-03-26,0.5,,6246.0
2020-03-27,0.45,,1506.0
2020-03-30,0.39,,1658.0
2020-03-31,0.3,,1737.0
2020-04-01,0.04,,2657.0
2020-04-02,-0.15,,5998.0
2020-04-03,-0.14,,2705.0
2020-04-06,-0.24,,1054.0
2020-04-07,-0.31,,14214.0
2020-04-08,-0.35,,26083.0
2020-04-09,-0.12,,26922.0
2020-04-13,-0.15,,6416.0
2020-04-14,-0.2,,3135.0
2020-04-15,-0.25,,2535.0
2020-04-16,-0.49,,3455.0
2020-04-17,-0.4,,17133.0
2020-04-20,-0.35,,7194.0
2020-04-21,-0.43,,3427.0
2020-04-22,-0.36,,4751.0
2020-04-23,-0.46,,501.0
2020-04-24,-0.49,,6727.0
2020-04-27,-0.43,,17739.0
2020-04-28,-0.43,,76.0
2020-04-29,-0.14,,8102.0
2020-04-30,0.34,,40127.0
2020-05-01,-0.1,,44320.0
2020-05-04,-0.32,,16485.0
2020-05-05,-0.14,,1061.0
2020-05-06,-0.11,,855.0
2020-05-07,-0.01,,615.0
2020-05-08,0.05,,2850.0
2020-05-11,-0.14,,3920.0
2020-05-12,-0.07,,252.0
2020-05-13,-0.14,,522.0
2020-05-14,-0.28,,1182.0
2020-05-15,-0.28,,30.0
2020-05-18,-0.11,,1440.0
2020-05-19,-0.11,,88.0
2020-05-20,0.0,,599.0
2020-05-21,-0.22,,1341.0
2020-05-22,-0.22,,80.0
2020-05-26,-0.1,,646.0
2020-05-27,-0.21,,6666.0
2020-05-28,-0.26,,1443.0
2020-05-29,-0.29,,21635.0
2020-06-01,-0.29,,140.0
2020-06-02,-0.07,,7212.0
2020-06-03,-0.08,,2575.0
2020-06-04,0.09,,1414.0
2020-06-05,0.14,,7065.0
2020-06-08,0.13,,18371.0
2020-06-09,0.07,,3285.0
2020-06-10,0.06,,249.0
2020-06-11,-0.15,,7010.0
2020-06-12,0.0,,4308.0
2020-06-15,-0.01,,2145.0
2020-06-16,0.04,,5024.0
2020-06-17,0.06,,1176.0
2020-06-18,0.11,,1954.0
2020-06-19,0.1,,41602.0
2020-06-22,0.1,,74.0
2020-06-23,0.11,,244.0
2020-06-24,0.0,,5704.0
2020-06-25,-0.04,,6298.0
2020-06-26,-0.01,,3202.0
2020-06-29,-0.05,,2023.0
2020-06-30,0.01,,14387.0
2020-07-01,0.06,,27848.0
2020-07-02,0.18,,9334.0
2020-07-06,0.24,,4381.0
2020-07-07,0.21,,1418.0
2020-07-08,0.22,,176.0
2020-07-09,0.23,,726.0
2020-07-10,0.2,,6926.0
2020-07-13,0.17,,1317.0
2020-07-14,0.23,,600.0
2020-07-15,0.2,,5259.0
2020-07-16,0.15,,5228.0
2020-07-17,0.1,,905.0
2020-07-20,0.11,,2308.0
2020-07-21,0.07,,3356.0
2020-07-22,0.08,,6994.0
2020-07-23,0.02,,1266.0
2020-07-24,0.1,,2909.0
2020-07-27,0.04,,9860.0
2020-07-28,0.0,,2700.0
2020-07-29,0.0,,10505.0
2020-07-30,-0.02,,406.0
2020-07-31,-0.04,,927.0
2020-08-03,-0.02,,3336.0
2020-08-04,0.1,,3770.0
2020-08-05,0.1,,9622.0
2020-08-06,0.11,,3136.0
2020-08-07,0.2,,103114.0
2020-08-10,0.32,,3678.0
2020-08-11,0.26,,3025.0
2020-08-12,0.43,,7076.0
2020-08-13,0.42,,3466.0
2020-08-14,0.46,,3159.0
2020-08-17,0.45,,5043.0
2020-08-18,0.51,,877.0
2020-08-19,0.47,,2507.0
2020-08-20,0.46,,2115.0
2020-08-21,0.2,,7669.0
2020-08-24,0.07,,11253.0
2020-08-25,0.01,,11573.0
2020-08-26,0.03,,4600.0
2020-08-27,0.03,,47.0
2020-08-28,0.05,,1140.0
2020-08-31,0.04,,3716.0
2020-09-01,0.21,,5306.0
2020-09-02,0.25,,1503.0
2020-09-03,0.28,,758.0
2020-09-04,0.34,,3516.0
2020-09-08,0.13,,10636.0
2020-09-09,0.26,,2980.0
2020-09-10,0.16,,7068.0
2020-09-11,0.32,,14850.0
2020-09-14,0.55,,6808.0
2020-09-15,0.46,,2408.0
2020-09-16,0.55,,10543.0
2020-09-17,0.93,,13585.0
2020-09-18,1.05,,35133.0
2020-09-21,1.46,,3597.0
2020-09-22,1.25,,6672.0
2020-09-23,0.74,,3575.0
2020-09-24,0.57,,2539.0
2020-09-25,0.47,,4343.0
2020-09-28,0.62,,10678.0
2020-09-29,0.93,,7091.0
2020-09-30,1.1,,7148.0
2020-10-01,0.94,,23866.0
2020-10-02,1.21,,840.0
2020-10-05,1.24,,451.0
2020-10-06,1.21,,2273.0
2020-10-07,1.46,,347.0
2020-10-08,1.56,,263.0
2020-10-09,1.56,,103.0
2020-10-12,1.38,,724.0
2020-10-13,1.61,,4600.0
2020-10-14,1.61,,714.0
2020-10-15,1.73,,5765.0
2020-10-16,1.93,,2058.0
2020-10-19,1.94,,8224.0
2020-10-20,2.23,,4327.0
2020-10-21,1.73,,13437.0
2020-10-22,1.7,,2418.0
2020-10-23,2.1,,1352.0
2020-10-26,2.04,,133.0
2020-10-27,2.07,,1799.0
2020-10-28,1.86,,3541.0
2020-10-29,2.28,,334.0
2020-10-30,2.01,,8291.0
2020-11-02,2.06,,7471.0
2020-11-03,1.82,,3429.0
2020-11-04,1.69,,6691.0
2020-11-05,1.55,,2133.0
2020-11-06,1.65,,2834.0
2020-11-09,1.84,,5067.0
2020-11-10,1.83,,7028.0
2020-11-11,1.9,,239.0
2020-11-12,1.8,,2903.0
2020-11-13,1.75,,344.0
2020-11-16,1.68,,2216.0
2020-11-17,1.57,,3515.0
2020-11-18,1.65,,17156.0
2020-11-19,1.51,,1017.0
2020-11-20,1.68,,12623.0
2020-11-23,1.51,,13927.0
2020-11-24,1.5,,18846.0
2020-11-25,1.4,,8327.0
2020-11-30,1.44,,2828.0
2020-12-01,1.58,,13582.0
2020-12-02,2.67,,77353.0
2020-12-03,2.25,,28476.0
2020-12-04,2.54,,25608.0
2020-12-07,2.65,,23039.0
2020-12-08,2.54,,19458.0
2020-12-09,2.67,,15728.0
2020-12-10,2.61,,23435.0
2020-12-11,2.66,,2190.0
2020-12-14,2.69,,11145.0
2020-12-15,3.23,,18070.0
2020-12-16,3.3,,7322.0
2020-12-17,3.4,,7870.0
2020-12-18,3.51,,14158.0
2020-12-21,3.94,,15881.0
2020-12-22,4.05,,4443.0
2020-12-23,3.98,,11504.0
2020-12-24,4.12,,5127.0
2020-12-28,4.11,,9030.0
2020-12-29,3.85,,10236.0
2020-12-30,4.03,,13309.0
2020-12-31,4.04,,11663.0
2021-01-04,3.77,,1077.0
2021-01-05,3.27,,11888.0
2021-01-06,3.47,,5118.0
2021-01-07,3.18,,5279.0
2021-01-08,3.31,,6028.0
2021-01-11,3.75,,37712.0
2021-01-12,3.69,,15759.0
2021-01-13,3.51,,3028.0
2021-01-14,3.52,,7463.0
2021-01-15,3.49,,22737.0
2021-01-19,3.3,,3768.0
2021-01-20,3.12,,4295.0
2021-01-21,3.41,,2920.0
2021-01-22,3.3,,1234.0
2021-01-25,3.21,,3848.0
2021-01-26,3.5,,13183.0
2021-01-27,3.54,,5845.0
2021-01-28,3.32,,3142.0
2021-01-29,3.5,,15885.0
2021-02-01,4.06,,20411.0
2021-02-02,3.87,,37433.0
2021-02-03,4.15,,23552.0
2021-02-04,4.52,,47037.0
2021-02-05,4.66,,13424.0
2021-02-08,4.49,,3721.0
2021-02-09,4.44,,4240.0
2021-02-10,4.26,,10309.0
2021-02-11,4.21,,28837.0
2021-02-12,4.47,,7215.0
2021-02-16,4.2,,4668.0
2021-02-17,4.14,,1077.0
2021-02-18,4.67,,60256.0
2021-02-19,4.82,,28743.0
2021-02-22,4.45,,4496.0
2021-02-23,3.7,,15506.0
2021-02-24,4.01,,6674.0
2021-02-25,3.9,,12366.0
2021-02-26,3.58,,8957.0
2021-03-01,2.96,,6022.0
2021-03-02,3.18,,25051.0
2021-03-03,3.54,,9471.0
2021-03-04,3.33,,2033.0
2021-03-05,3.05,,5217.0
2021-03-08,3.52,,8306.0
2021-03-09,3.52,,3899.0
2021-03-10,3.43,,6050.0
2021-03-11,3.56,,66449.0
2021-03-12,5.03,,95816.0
2021-03-15,6.04,,82705.0
2021-03-16,6.37,,39062.0
2021-03-17,5.95,,9290.0
2021-03-18,5.94,,8825.0
2021-03-19,6.88,,39519.0
2021-03-22,6.0,,12576.0
2021-03-23,6.02,,42207.0
2021-03-24,5.9,,11907.0
2021-03-25,6.28,,3150.0
2021-03-26,5.93,,3235.0
2021-03-29,6.1,,4958.0
2021-03-30,6.05,,5445.0
2021-03-31,6.6,,87482.0
2021-04-01,6.62,,16550.0
2021-04-05,5.91,,8722.0
2021-04-06,5.62,,9881.0
2021-04-07,5.62,,5547.0
2021-04-08,6.07,,8144.0
2021-04-09,5.9,,11021.0
2021-04-12,6.1,,17772.0
2021-04-13,5.9,,3088.0
2021-04-14,5.25,,6117.0
2021-04-15,5.75,,8560.0
2021-04-16,6.01,,4302.0
2021-04-19,5.54,,3544.0
2021-04-20,5.54,,2451.0
2021-04-21,5.75,,1138.0
2021-04-22,5.75,,216.0
2021-04-23,6.0,,11041.0
2021-04-26,6.25,,21725.0
2021-04-27,6.28,,1417.0
2021-04-28,5.84,,3175.0
2021-04-29,6.4,,20688.0
2021-04-30,6.2,,18975.0
2021-05-03,5.93,,5900.0
2021-05-04,5.91,,3338.0
2021-05-05,5.83,,4276.0
2021-05-06,6.13,,2122.0
2021-05-07,6.6,,48349.0
2021-05-10,7.02,,133803.0
2021-05-11,6.7,,13191.0
2021-05-12,5.76,,11984.0
2021-05-13,5.49,,17245.0
2021-05-14,6.22,,12387.0
2021-05-17,7.01,,84916.0
2021-05-18,8.26,,57513.0
2021-05-19,8.39,,102011.0
2021-05-20,8.13,,69130.0
2021-05-21,9.36,,40557.0
2021-05-24,10.65,,62582.0
2021-05-25,9.9,,56072.0
2021-05-26,9.9,,7402.0
2021-05-27,9.92,,25390.0
2021-05-28,9.72,,6132.0
2021-06-01,9.42,,11569.0
2021-06-02,9.27,,14875.0
2021-06-03,9.22,,9885.0
2021-06-04,8.74,,2622.0
2021-06-07,9.0,,6110.0
2021-06-08,9.4,,30010.0
2021-06-09,10.2,,26354.0
2021-06-10,9.95,,2953.0
2021-06-11,8.84,,9066.0
2021-06-14,8.65,,4031.0
2021-06-15,8.39,,46833.0
2021-06-16,8.2,,8138.0
2021-06-17,8.19,,6932.0
2021-06-18,7.67,,32641.0
2021-06-21,7.84,,11832.0
2021-06-22,8.36,,49834.0
2021-06-23,8.32,,33141.0
2021-06-24,8.1,,9867.0
2021-06-25,7.85,,38648.0
2021-06-28,8.0,,25521.0
2021-06-29,5.86,,62610.0
2021-06-30,7.16,,71173.0
2021-07-01,6.25,,16610.0
2021-07-02,6.63,,5966.0
2021-07-06,6.35,,12816.0
2021-07-07,7.0,,5779.0
2021-07-08,7.14,,11879.0
2021-07-09,6.97,,838.0
2021-07-12,6.73,,24851.0
2021-07-13,6.5,,11940.0
2021-07-14,6.88,,13612.0
2021-07-15,6.55,,1739.0
2021-07-16,6.5,,5792.0
2021-07-19,6.2,,6834.0
2021-07-20,6.28,,11272.0
2021-07-21,6.37,,927.0
2021-07-22,6.69,,644.0
2021-07-23,7.22,,5390.0
2021-07-26,7.55,,9886.0
2021-07-27,7.85,,14948.0
2021-07-28,8.5,,66554.0
2021-07-29,8.86,,14807.0
2021-07-30,8.92,,14632.0
2021-08-02,9.42,,41034.0
2021-08-03,9.25,,52466.0
2021-08-04,9.32,,3435.0
2021-08-05,9.47,,72930.0
2021-08-06,9.41,,4254.0
2021-08-09,9.85,,40836.0
2021-08-10,9.55,,6432.0
2021-08-11,8.59,,16162.0
2021-08-12,8.55,,4978.0
2021-08-13,8.38,,28970.0
2021-08-16,9.3,,10516.0
2021-08-17,9.25,,15722.0
2021-08-18,9.08,,4702.0
2021-08-19,8.62,,9439.0
2021-08-20,9.04,,18130.0
2021-08-23,9.05,,52085.0
2021-08-24,9.05,,447.0
2021-08-25,8.79,,1665.0
2021-08-26,9.26,,25794.0
2021-08-27,9.39,,10363.0
2021-08-30,9.81,,26448.0
2021-08-31,10.55,,24408.0
2021-09-01,11.52,,107582.0
2021-09-02,12.29,,36906.0
2021-09-03,11.35,,18014.0
2021-09-07,11.59,,10886.0
2021-09-08,12.19,,7910.0
2021-09-09,11.89,,5002.0
2021-09-10,11.89,,23938.0
2021-09-13,11.21,,25822.0
2021-09-14,12.08,,28101.0
2021-09-15,11.25,,40553.0
2021-09-16,10.35,,76076.0
2021-09-17,11.01,,9919.0
2021-09-20,9.82,,11939.0
2021-09-21,10.11,,9154.0
2021-09-22,10.52,,16252.0
2021-09-23,9.98,,10299.0
2021-09-24,10.49,,7702.0
2021-09-27,11.04,,4399.0
2021-09-28,10.72,,1291.0
2021-09-29,11.12,,2546.0
2021-09-30,11.2,,1116.0
2021-10-01,10.0,,10719.0
2021-10-04,10.0,,1474.0
2021-10-05,10.9,,8196.0
2021-10-06,11.1,,1777.0
2021-10-07,11.0,,11236.0
2021-10-08,10.74,,2325.0
2021-10-11,11.24,,1218.0
2021-10-12,10.98,,3670.0
2021-10-13,10.74,,11024.0
2021-10-14,10.6,,9186.0
2021-10-15,10.7,,3513.0
2021-10-18,10.34,,17991.0
2021-10-19,10.7,,6616.0
2021-10-20,10.74,,1894.0
2021-10-21,9.93,,11023.0
2021-10-22,10.0,,14781.0
2021-10-25,9.86,,59089.0
2021-10-26,9.81,,12035.0
2021-10-27,9.9,,1653.0
2021-10-28,9.52,,4362.0
2021-10-29,9.52,,541.0
2021-11-01,9.74,,12292.0
2021-11-02,9.82,,6658.0
2021-11-03,9.73,,2716.0
2021-11-04,10.0,,9785.0
2021-11-05,10.49,,12930.0
2021-11-08,10.82,,10385.0
2021-11-09,11.73,,18811.0
2021-11-10,11.38,,778.0
2021-11-11,11.22,,5174.0
2021-11-12,11.0,,1069.0
2021-11-15,9.74,,7303.0
2021-11-16,9.5,,6108.0
2021-11-17,9.1,,2536.0
2021-11-18,9.3,,1810.0
2021-11-19,9.2,,6185.0
2021-11-22,9.27,,1151.0
2021-11-23,8.74,,10515.0
2021-11-24,9.29,,10158.0
2021-11-26,8.72,,1705.0
2021-11-29,9.09,,2143.0
2021-11-30,8.0,,1508.0
2021-12-01,8.47,,15642.0
2021-12-02,8.8,,1975.0
2021-12-03,9.0,,1559.0
2021-12-06,9.21,,3726.0
2021-12-07,9.3,,18256.0
2021-12-08,9.86,,8099.0
2021-12-09,9.54,,28948.0
2021-12-10,11.33,,47704.0
2021-12-13,12.01,,30193.0
2021-12-14,11.51,,22361.0
2021-12-15,14.0,,93241.0
2021-12-16,13.84,,117211.0
2021-12-17,13.97,,13896.0
2021-12-20,13.94,,24695.0
2021-12-21,13.48,,20042.0
2021-12-22,12.45,,11977.0
2021-12-23,12.6,,13414.0
2021-12-27,12.23,,9363.0
2021-12-28,11.07,,22473.0
2021-12-29,10.64,,9215.0
2021-12-30,10.34,,9571.0
2021-12-31,10.7,,10789.0
2022-01-03,10.7,,26685.0
2022-01-04,10.0,,16882.0
2022-01-05,10.78,,6129.0
2022-01-06,10.75,,23289.0
2022-01-07,10.57,,6729.0
2022-01-10,10.3,,9364.0
2022-01-11,9.8,,13903.0
2022-01-12,10.1,,6718.0
2022-01-13,10.1,,5494.0
2022-01-14,10.0,,19665.0
2022-01-18,10.12,,24982.0
2022-01-19,10.0,,16847.0
2022-01-20,9.41,,7371.0
2022-01-21,9.6,,10004.0
2022-01-24,9.16,,28383.0
2022-01-25,8.81,,16539.0
2022-01-26,8.52,,9373.0
2022-01-27,7.65,,27743.0
2022-01-28,7.1,,35622.0
2022-01-31,7.5,,50996.0
2022-02-01,7.5,,31756.0
2022-02-02,7.6,,84007.0
2022-02-03,7.59,,13609.0
2022-02-04,8.05,,50205.0
2022-02-07,8.7,,36156.0
2022-02-08,8.5,,9886.0
2022-02-09,8.55,,17612.0
2022-02-10,9.05,,19534.0
2022-02-11,8.31,,10718.0
2022-02-14,8.21,,48950.0
2022-02-15,8.15,,10673.0
2022-02-16,8.12,,9247.0
2022-02-17,7.96,,10636.0
2022-02-18,7.5,,32597.0
2022-02-22,7.33,,26102.0
2022-02-23,7.23,,11589.0
2022-02-24,7.33,,14896.0
2022-02-25,7.42,,3366.0
2022-02-28,7.44,,10084.0
2022-03-01,7.2,,13208.0
2022-03-02,8.05,,11779.0
2022-03-03,8.45,,11900.0
2022-03-04,7.87,,21199.0
2022-03-07,8.62,,12287.0
2022-03-08,8.3,,4293.0
2022-03-09,8.13,,7823.0
2022-03-10,8.87,,1630.0
2022-03-11,7.9,,42894.0
2022-03-14,5.95,,62984.0
2022-03-15,5.91,,29439.0
2022-03-16,6.06,,3800.0
2022-03-17,5.98,,8144.0
2022-03-18,7.55,,23403.0
2022-03-21,7.62,,24965.0
2022-03-22,7.4,,17120.0
2022-03-23,6.81,,17910.0
2022-03-24,6.49,,5729.0
2022-03-25,6.97,,21657.0
2022-03-28,8.83,,47172.0
2022-03-29,8.9,,15412.0
2022-03-30,8.71,,8384.0
2022-03-31,9.02,,6692.0
2022-04-01,7.71,,42334.0
2022-04-04,8.19,,37101.0
2022-04-05,7.97,,3459.0
2022-04-06,7.26,,7344.0
2022-04-07,7.62,,1591.0
2022-04-08,7.52,,1647.0
2022-04-11,7.68,,4622.0
2022-04-12,7.62,,940.0
2022-04-13,7.81,,14392.0
2022-04-14,7.85,,943.0
2022-04-18,7.6,,1596.0
2022-04-19,7.83,,12082.0
2022-04-20,8.1,,3339.0
2022-04-21,8.03,,3206.0
2022-04-22,8.15,,7969.0
2022-04-25,8.09,,6539.0
2022-04-26,8.0,,3205.0
2022-04-27,7.92,,3466.0
2022-04-28,8.4,,1656.0
2022-04-29,8.36,,1998.0
2022-05-02,8.06,,4943.0
2022-05-03,8.15,,3857.0
2022-05-04,8.39,,7035.0
2022-05-05,8.09,,5439.0
2022-05-06,7.99,,5456.0
2022-05-09,8.55,,28252.0
2022-05-10,8.29,,1830.0
2022-05-11,8.02,,6097.0
2022-05-12,8.19,,2004.0
2022-05-13,7.73,,501.0
2022-05-16,7.42,,4841.0
2022-05-17,7.65,,1081.0
2022-05-18,7.65,,3858.0
2022-05-19,7.83,,4127.0
2022-05-20,7.71,,3211.0
2022-05-23,8.06,,2604.0
2022-05-24,7.56,,68645.0
2022-05-25,7.45,,2259.0
2022-05-26,7.48,,5514.0
2022-05-27,8.03,,816.0
2022-05-31,8.24,,3274.0
2022-06-01,8.49,,6985.0
2022-06-02,8.4,,4786.0
2022-06-03,8.44,,1406.0
2022-06-06,8.81,,1784.0
2022-06-07,8.28,,1492.0
2022-06-08,8.48,,2088.0
2022-06-09,8.27,,4446.0
2022-06-10,8.23,,802.0
2022-06-13,7.54,,1676.0
2022-06-14,7.33,,4086.0
2022-06-15,7.25,,6057.0
2022-06-16,6.52,,5688.0
2022-06-17,6.94,,12338.0
2022-06-21,6.45,,17126.0
2022-06-22,6.14,,15498.0
2022-06-23,6.49,,6167.0
2022-06-24,6.57,,3673.0
2022-06-27,6.34,,4382.0
2022-06-28,6.6,,6339.0
2022-06-29,6.7,,3688.0
2022-06-30,6.72,,2643.0
2022-07-01,6.76,,867.0
2022-07-05,6.5,,2411.0
2022-07-06,6.52,,1869.0
2022-07-07,6.99,,748.0
2022-07-08,6.86,,1408.0
2022-07-11,6.53,,1237.0
2022-07-12,6.79,,3166.0
2022-07-13,6.67,,5155.0
2022-07-14,6.7,,1811.0
2022-07-15,6.67,,3076.0
2022-07-18,6.6,,1714.0
2022-07-19,7.01,,6602.0
2022-07-20,7.0,,2448.0
2022-07-21,7.5,,7843.0
2022-07-22,8.4,,8576.0
2022-07-25,9.37,,19807.0
2022-07-26,9.52,,4552.0
2022-07-27,9.59,,3970.0
2022-07-28,10.26,,6888.0
2022-07-29,9.6,,3588.0
2022-08-01,10.05,,5932.0
2022-08-02,10.27,,22375.0
2022-08-03,10.74,,3786.0
2022-08-04,11.34,,4613.0
2022-08-05,11.65,,14612.0
2022-08-08,11.57,,13628.0
2022-08-09,11.5,,21441.0
2022-08-10,11.65,,1563.0
2022-08-11,11.5,,2683.0
2022-08-12,11.5,,5300.0
2022-08-15,11.5,,10455.0
2022-08-16,10.5,,8301.0
2022-08-17,10.36,,2737.0
2022-08-18,10.71,,4144.0
2022-08-19,10.42,,11883.0
2022-08-22,10.22,,4052.0
2022-08-23,10.22,,416.0
2022-08-24,9.91,,1026.0
2022-08-25,10.0,,3927.0
2022-08-26,9.13,,9098.0
2022-08-29,9.15,,4017.0
2022-08-30,9.15,,941.0
2022-08-31,9.43,,2206.0
2022-09-01,7.58,,12590.0
2022-09-02,7.12,,14534.0
2022-09-06,6.72,,26320.0
2022-09-07,7.03,,11487.0
2022-09-08,7.31,,10848.0
2022-09-09,6.99,,10627.0
2022-09-12,7.19,,14341.0
2022-09-13,7.23,,10710.0
2022-09-14,7.82,,27745.0
2022-09-15,8.05,,13573.0
2022-09-16,8.59,,34180.0
2022-09-19,8.24,,55151.0
2022-09-20,8.14,,11967.0
2022-09-21,7.6,,8183.0
2022-09-22,7.1,,15597.0
2022-09-23,7.12,,1192.0
2022-09-26,6.84,,3798.0
2022-09-27,7.15,,7559.0
2022-09-28,7.15,,6449.0
2022-09-29,6.8,,1960.0
2022-09-30,6.78,,3690.0
2022-10-03,6.54,,10423.0
2022-10-04,6.85,,13055.0
2022-10-05,7.4,,16949.0
2022-10-06,7.5,,1090.0
2022-10-07,6.77,,21808.0
2022-10-10,6.73,,21645.0
2022-10-11,6.3,,11698.0
2022-10-12,6.6,,17498.0
2022-10-13,7.24,,35965.0
2022-10-14,6.94,,10496.0
2022-10-17,6.45,,32337.0
2022-10-18,6.42,,15024.0
2022-10-19,6.45,,12456.0
2022-10-20,6.6,,13810.0
2022-10-21,6.31,,24073.0
2022-10-24,6.54,,13444.0
2022-10-25,6.47,,11726.0
2022-10-26,6.98,,20092.0
2022-10-27,7.16,,6657.0
2022-10-28,7.31,,14117.0
2022-10-31,7.6,,21248.0
2022-11-01,7.85,,12253.0
2022-11-02,7.93,,17040.0
2022-11-03,7.27,,1491.0
2022-11-04,7.35,,3348.0
2022-11-07,7.28,,6537.0
2022-11-08,7.41,,1880.0
2022-11-09,7.5,,557.0
2022-11-10,7.35,,5464.0
2022-11-11,7.07,,2685.0
2022-11-14,7.21,,1618.0
2022-11-15,7.0,,1466.0
2022-11-16,7.46,,6784.0
2022-11-17,7.39,,4154.0
2022-11-18,7.67,,3729.0
2022-11-21,7.3,,4285.0
2022-11-22,6.75,,5996.0
2022-11-23,6.8,,384.0
2022-11-25,6.83,,875.0
2022-11-28,6.83,,813.0
2022-11-29,7.12,,660.0
2022-11-30,7.12,,357.0
2022-12-01,6.57,,2657.0
2022-12-02,6.61,,1986.0
2022-12-05,6.82,,4998.0
2022-12-06,6.61,,6960.0
2022-12-07,6.62,,1424.0
2022-12-08,6.64,,7321.0
2022-12-09,6.51,,3968.0
2022-12-12,6.51,,5577.0
2022-12-13,6.61,,8170.0
2022-12-14,6.22,,7879.0
2022-12-15,6.78,,5895.0
2022-12-16,7.23,,3432.0
2022-12-19,7.72,,5673.0
2022-12-20,7.4,,4285.0
2022-12-21,7.2,,1203.0
2022-12-22,6.97,,2797.0
2022-12-23,7.36,,7743.0
2022-12-27,6.86,,5988.0
2022-12-28,7.09,,2306.0
2022-12-29,7.06,,3151.0
2022-12-30,7.05,,2441.0
2023-01-03,7.5,,2601.0
2023-01-04,7.33,,1247.0
2023-01-05,7.33,,64.0
2023-01-06,7.5,,1764.0
2023-01-09,7.64,,305.0
2023-01-10,7.5,,1739.0
2023-01-11,7.58,,1337.0
2023-01-12,7.45,,865.0
2023-01-13,7.46,,781.0
2023-01-17,8.05,,22799.0
2023-01-18,8.21,,11099.0
2023-01-19,8.2,,6200.0
2023-01-20,7.89,,14052.0
2023-01-23,8.13,,13735.0
2023-01-24,8.58,,25399.0
2023-01-25,8.34,,12288.0
2023-01-26,8.66,,8164.0
2023-01-27,9.17,,14468.0
2023-01-30,9.05,,2486.0
2023-01-31,9.12,,2354.0
2023-02-01,9.05,,526.0
2023-02-02,9.13,,3405.0
2023-02-03,9.09,,790.0
2023-02-06,9.26,,1479.0
2023-02-07,9.0,,1923.0
2023-02-08,8.29,,19164.0
2023-02-09,8.03,,9847.0
2023-02-10,8.41,,9200.0
2023-02-13,8.33,,2555.0
2023-02-14,8.23,,4905.0
2023-02-15,8.06,,2688.0
2023-02-16,8.25,,4756.0
2023-02-17,8.11,,2967.0
2023-02-21,8.0,,5493.0
2023-02-22,7.61,,8331.0
2023-02-23,8.05,,13821.0
2023-02-24,8.1,,10473.0
2023-02-27,8.58,,6838.0
2023-02-28,8.99,,4210.0
2023-03-01,8.62,,4545.0
2023-03-02,8.83,,2488.0
2023-03-03,8.96,,7888.0
2023-03-06,9.02,,1704.0
2023-03-07,8.93,,5850.0
2023-03-08,8.98,,3769.0
2023-03-09,8.45,,4788.0
2023-03-10,7.72,,6351.0
2023-03-13,7.47,,12625.0
2023-03-14,7.28,,12335.0
2023-03-15,7.44,,6992.0
2023-03-16,8.0,,4282.0
2023-03-17,8.64,,8616.0
2023-03-20,9.45,,10340.0
2023-03-21,9.15,,20631.0
2023-03-22,8.91,,6616.0
2023-03-23,9.03,,6001.0
2023-03-24,9.11,,7952.0
2023-03-27,9.24,,7961.0
2023-03-28,9.09,,5844.0
2023-03-29,9.18,,2988.0
2023-03-30,9.21,,8047.0
2023-03-31,9.49,,11912.0
2023-04-03,10.14,,28963.0
2023-04-04,10.61,,23151.0
2023-04-05,9.94,,10904.0
2023-04-06,9.9,,6789.0
2023-04-10,9.66,,6199.0
2023-04-11,10.45,,9822.0
2023-04-12,10.6,,6992.0
2023-04-13,10.71,,7340.0
2023-04-14,10.4,,6395.0
2023-04-17,10.51,,6629.0
2023-04-18,10.45,,7632.0
2023-04-19,10.51,,4033.0
2023-04-20,10.49,,9113.0
2023-04-21,10.48,,4174.0
2023-04-24,10.55,,3415.0
2023-04-25,10.54,,1516.0
2023-04-26,10.32,,5065.0
2023-04-27,9.63,,4334.0
2023-04-28,9.4,,6824.0
2023-05-01,9.52,,6316.0
2023-05-02,9.69,,2412.0
2023-05-03,9.32,,4337.0
2023-05-04,9.26,,4286.0
2023-05-05,9.44,,2443.0
2023-05-08,9.57,,9274.0
2023-05-09,9.39,,7401.0
2023-05-10,9.36,,5823.0
2023-05-11,9.25,,5039.0
2023-05-12,9.25,,3630.0
2023-05-15,9.22,,3256.0
2023-05-16,9.2,,2271.0
2023-05-17,9.3,,495.0
2023-05-18,9.2,,2952.0
2023-05-19,9.33,,6600.0
2023-05-22,9.67,,5453.0
2023-05-23,9.54,,6825.0
2023-05-24,9.45,,1612.0
2023-05-25,9.75,,4242.0
2023-05-26,9.79,,658.0
2023-05-30,10.3,,16760.0
2023-05-31,10.3,,2002.0
2023-06-01,10.35,,2000.0
2023-06-02,10.45,,8616.0
2023-06-05,10.65,,9801.0
2023-06-06,10.64,,2845.0
2023-06-07,10.76,,10174.0
2023-06-08,10.88,,9204.0
2023-06-09,10.88,,7879.0
2023-06-12,11.02,,10511.0
2023-06-13,11.71,,18190.0
2023-06-14,12.02,,6992.0
2023-06-15,12.01,,7489.0
2023-06-16,12.71,,28226.0
2023-06-20,12.8,,15764.0
2023-06-21,12.73,,4768.0
2023-06-22,12.81,,9234.0
2023-06-23,13.03,,9799.0
2023-06-26,13.43,,12584.0
2023-06-27,13.63,,9327.0
2023-06-28,13.53,,14197.0
2023-06-29,13.13,,17446.0
2023-06-30,13.44,,11242.0
2023-07-03,13.87,,9783.0
2023-07-05,13.29,,16624.0
2023-07-06,13.1,,28878.0
2023-07-07,12.75,,9697.0
2023-07-10,13.1,,11556.0
2023-07-11,13.8,,6291.0
2023-07-12,14.73,,14974.0
2023-07-13,14.5,,14207.0
2023-07-14,14.28,,10902.0
2023-07-17,14.35,,13042.0
2023-07-18,14.69,,2075.0
2023-07-19,15.15,,18299.0
2023-07-20,14.94,,5726.0
2023-07-21,14.71,,8599.0
2023-07-24,14.72,,15158.0
2023-07-25,15.15,,8071.0
2023-07-26,13.98,,11324.0
2023-07-27,12.58,,14910.0
2023-07-28,12.12,,32444.0
2023-07-31,13.51,,30018.0
2023-08-01,13.17,,15983.0
2023-08-02,13.05,,7415.0
2023-08-03,12.74,,1437.0
2023-08-04,12.4,,5644.0
2023-08-07,12.52,,3614.0
2023-08-08,12.63,,8935.0
2023-08-09,12.5,,4217.0
2023-08-10,12.16,,3035.0
2023-08-11,12.05,,17589.0
2023-08-14,11.45,,6927.0
2023-08-15,11.61,,10280.0
2023-08-16,11.53,,11309.0
2023-08-17,11.34,,5947.0
2023-08-18,11.81,,9417.0
2023-08-21,12.23,,9373.0
2023-08-22,12.33,,19593.0
2023-08-23,12.3,,12524.0
2023-08-24,12.16,,2848.0
2023-08-25,12.16,,3146.0
2023-08-28,11.65,,12012.0
2023-08-29,12.5,,8047.0
2023-08-30,12.36,,7648.0
2023-08-31,12.46,,7740.0
2023-09-01,12.0,,13352.0
2023-09-05,11.61,,13577.0
2023-09-06,12.25,,17753.0
2023-09-07,12.75,,8463.0
2023-09-08,12.82,,13403.0
2023-09-11,13.38,,15336.0
2023-09-12,13.68,,5183.0
2023-09-13,13.46,,7064.0
2023-09-14,13.82,,5154.0
2023-09-15,13.48,,6227.0
2023-09-18,13.17,,5155.0
2023-09-19,13.12,,3978.0
2023-09-20,12.78,,4921.0
2023-09-21,12.48,,2213.0
2023-09-22,12.89,,774.0
2023-09-25,12.48,,2563.0
2023-09-26,12.1,,6480.0
2023-09-27,11.4,,1868.0
2023-09-28,12.0,,6691.0
2023-09-29,12.32,,711.0
2023-10-02,12.21,,5039.0
2023-10-03,12.0,,5087.0
2023-10-04,12.35,,3384.0
2023-10-05,12.25,,7501.0
2023-10-06,12.5,,7893.0
2023-10-09,12.64,,2223.0
2023-10-10,12.54,,3072.0
2023-10-11,12.0,,6883.0
2023-10-12,12.18,,35347.0
2023-10-13,11.99,,23745.0
2023-10-16,12.0,,12568.0
2023-10-17,12.13,,7021.0
2023-10-18,12.15,,1855.0
2023-10-19,12.0,,4285.0
2023-10-20,12.11,,5574.0
2023-10-23,12.0,,1577.0
2023-10-24,12.21,,1584.0
2023-10-25,12.12,,2029.0
2023-10-26,12.0,,2963.0
2023-10-27,12.2,,6582.0
2023-10-30,12.2,,1929.0
2023-10-31,12.19,,5614.0
2023-11-01,11.99,,2694.0
2023-11-02,11.7,,1711.0
2023-11-03,11.8,,4445.0
2023-11-06,11.84,,4035.0
2023-11-07,11.75,,2360.0
2023-11-08,11.5,,7430.0
2023-11-09,11.48,,4021.0
2023-11-10,11.72,,1543.0
2023-11-13,10.88,,12147.0
2023-11-14,10.93,,5170.0
2023-11-15,11.13,,7084.0
2023-11-16,12.55,,10933.0
2023-11-17,12.6,,6880.0
2023-11-20,12.87,,6291.0
2023-11-21,12.82,,1059.0
2023-11-22,12.35,,5694.0
2023-11-24,12.63,,2601.0
2023-11-27,12.2,,2512.0
2023-11-28,12.4,,2660.0
2023-11-29,12.3,,6144.0
2023-11-30,11.8315,,12243.0
2023-12-01,12.88,,10718.0
2023-12-04,14.1885,,8921.0
2023-12-05,14.5,,10537.0
2023-12-06,14.15,,12362.0
2023-12-07,14.5,,9663.0
2023-12-08,15.37,,15093.0
2023-12-11,15.8,,12969.0
2023-12-12,15.75,,18882.0
2023-12-13,16.0,,6622.0
2023-12-14,16.06,,3742.0
2023-12-15,15.95,,3476.0
2023-12-18,16.22,,1846.0
2023-12-19,16.65,,8278.0
2023-12-20,17.15,,13726.0
2023-12-21,17.09,,7386.0
2023-12-22,17.25,,9598.0
2023-12-26,17.22,,2305.0
2023-12-27,17.5,,4765.0
2023-12-28,17.555,,5467.0
2023-12-29,17.47,,2839.0
2024-01-02,17.5,,3150.0
2024-01-03,17.33,,1872.0
2024-01-04,15.82,,17068.0
2024-01-05,17.25,,20800.0
2024-01-08,17.1,,6898.0
2024-01-09,17.05,,7973.0
2024-01-10,17.175,,7077.0
2024-01-11,17.04,,9922.0
2024-01-12,17.5,,1813.0
2024-01-16,17.37,,2759.0
2024-01-17,17.2,,4932.0
2024-01-18,17.35,,17648.0
2024-01-19,17.02,,1371.0
2024-01-22,16.85,,9589.0
2024-01-23,16.77,,2147.0
2024-01-24,16.27,,3052.0
2024-01-25,16.87,,2805.0
2024-01-26,16.6,,5727.0
2024-01-29,16.4067,,10258.0
2024-01-30,16.88,,5406.0
2024-01-31,15.88,,52762.0
2024-02-01,15.58,,10397.0
2024-02-02,15.16,,19347.0
2024-02-05,15.8,,10767.0
2024-02-06,16.7,,3162.0
2024-02-07,17.04,,2361.0
2024-02-08,16.42,,1102.0
2024-02-09,15.9,,4428.0
2024-02-12,15.89,,3176.0
2024-02-13,17.0,,5567.0
2024-02-14,17.25,,8996.0
2024-02-15,17.11,,3365.0
2024-02-16,16.205,,4664.0
2024-02-20,16.62,,6694.0
2024-02-21,16.59,,2620.0
2024-02-22,16.84,,2607.0
2024-02-23,16.95,,6050.0
2024-02-26,16.6,,3374.0
2024-02-27,16.63,,1171.0
2024-02-28,16.31,,2124.0
2024-02-29,16.91,,2466.0
2024-03-01,17.14,,2258.0
2024-03-04,17.61,,5504.0
2024-03-05,17.47,,2526.0
2024-03-06,18.0,,5285.0
2024-03-07,18.34,,4382.0
2024-03-08,18.5,,5453.0
2024-03-11,18.93,,5235.0
2024-03-12,18.63,,3720.0
2024-03-13,19.25,,7507.0
2024-03-14,19.55,,4387.0
2024-03-15,19.86,,7545.0
2024-03-18,19.5,,5188.0
2024-03-19,19.33,,4718.0
2024-03-20,19.57,,639.0
2024-03-21,18.2,,7095.0
2024-03-22,16.12,,16658.0
2024-03-25,16.53,,15985.0
2024-03-26,17.75,,8838.0
2024-03-27,18.75,,2719.0
2024-04-01,18.75,,13614.0
2024-04-02,17.54,,5935.0
2024-04-03,17.48,,8657.0
2024-04-04,17.32,,1623.0
2024-04-05,17.5,,2120.0
2024-04-08,17.35,,6269.0
2024-04-09,17.29,,2185.0
2024-04-10,17.5,,2356.0
2024-04-11,17.43,,11276.0
2024-04-12,17.0424,,6763.0
2024-04-15,16.455,,2702.0
2024-04-16,16.95,,4476.0
2024-04-17,17.09,,3031.0
2024-04-18,17.67,,5478.0
2024-04-19,16.5,,12548.0
2024-04-22,17.34,,38980.0
2024-04-23,16.73,,26452.0
2024-04-24,16.2,,3543.0
2024-04-25,15.8999,,8388.0
2024-04-26,16.27,,3788.0
2024-04-29,16.1,,9374.0
2024-04-30,15.784,,1573.0
2024-05-01,16.1,,3939.0
2024-05-02,16.25,,2767.0
2024-05-03,16.25,,15201.0
2024-05-06,15.6,,3160.0
2024-05-07,16.04,,8443.0
2024-05-08,16.11,,2963.0
2024-05-09,16.1,,12263.0
2024-05-10,16.515,,16762.0
2024-05-13,16.13,,10434.0
2024-05-14,16.14,,33751.0
2024-05-15,16.62,,34429.0
2024-05-16,16.24,,8856.0
2024-05-17,16.49,,3947.0
2024-05-20,16.07,,1700.0
2024-05-21,15.85,,791.0
2024-05-22,15.45,,24431.0
2024-05-23,15.31,,812.0
2024-05-24,15.45,,12235.0
2024-05-28,15.16,,23127.0
2024-05-29,16.0,,7091.0
2024-05-30,16.7,,7064.0
2024-05-31,16.67,,15497.0
2024-06-03,16.59,,15080.0
2024-06-04,16.08,,5207.0
2024-06-05,16.5,,11820.0
2024-06-06,16.5,,10057.0
2024-06-07,16.75,,10283.0
2024-06-10,16.06,,6314.0
2024-06-11,16.02,,16314.0
2024-06-12,16.53,,8572.0
2024-06-13,16.5,,6911.0
2024-06-14,15.84,,11110.0
2024-06-17,12.0,,60268.0
2024-06-18,13.27,,46310.0
2024-06-20,13.11,,13307.0
2024-06-21,14.42,,4799.0
2024-06-24,14.09,,22810.0
2024-06-25,13.85,,10372.0
2024-06-26,14.1,,29168.0
2024-06-27,13.9,,16436.0
2024-06-28,14.41,,12720.0
2024-07-01,13.9,,17146.0
2024-07-02,13.63,,28507.0
2024-07-03,14.0,,8316.0
2024-07-05,14.24,,11457.0
2024-07-08,14.5,,21042.0
2024-07-09,14.8217,,23069.0
2024-07-10,15.86,,15305.0
2024-07-11,15.57,,106497.0
2024-07-12,16.03,,45086.0
2024-07-15,16.75,,47609.0
2024-07-16,16.83,,16422.0
2024-07-17,16.97,,18250.0
2024-07-18,17.29,,46865.0
2024-07-19,17.7,,20001.0
2024-07-22,17.77,,9444.0
2024-07-23,16.97,,52264.0
2024-07-24,16.87,,28741.0
2024-07-25,17.25,,119995.0
2024-07-26,18.15,,76800.0
2024-07-29,21.22,,66117.0
2024-07-30,20.56,,10869.0
2024-07-31,20.96,,13420.0
2024-08-01,20.21,,19931.0
2024-08-02,19.74,,8205.0
2024-08-05,18.11,,45648.0
2024-08-06,17.99,,5452.0
2024-08-07,17.8,,4416.0
2024-08-08,17.23,,33765.0
2024-08-09,17.13,,2225.0
2024-08-12,18.255,,8287.0
2024-08-13,18.02,,5640.0
2024-08-14,18.54,,26676.0
2024-08-15,18.72,,11140.0
2024-08-16,18.24,,4379.0
2024-08-19,17.56,,4395.0
2024-08-20,18.06,,9364.0
2024-08-21,17.82,,14105.0
2024-08-22,18.37,,8393.0
2024-08-23,18.27,,881.0
2024-08-26,18.69,,2155.0
2024-08-27,18.77,,10574.0
2024-08-28,17.57,,41107.0
2024-08-29,17.31,,4683.0
2024-08-30,17.25,,8559.0
2024-09-03,17.6,,7768.0
2024-09-04,17.86,,5105.0
2024-09-05,17.84,,1040.0
2024-09-06,17.23,,18765.0
2024-09-09,17.15,,12986.0
2024-09-10,17.3,,3309.0
2024-09-11,17.55,,2694.0
2024-09-12,17.31,,3062.0
2024-09-13,17.5,,4949.0
2024-09-16,21.63,,38306.0
2024-09-17,22.17,,17115.0
2024-09-18,21.59,,10887.0
2024-09-19,23.75,,42518.0
2024-09-20,25.46,,58223.0
2024-09-23,26.17,,30905.0
2024-09-24,25.8,,23752.0
2024-09-25,26.1,,7102.0
2024-09-26,24.89,,18353.0
2024-09-27,25.08,,7160.0
2024-09-30,25.19,,5662.0
2024-10-01,24.79,,6960.0
2024-10-02,24.14,,10504.0
2024-10-03,24.0,,27241.0
2024-10-04,25.05,,24499.0
2024-10-07,25.03,,15943.0
2024-10-08,24.96,,7165.0
2024-10-09,25.1,,17526.0
2024-10-10,25.15,,6498.0
2024-10-11,24.84,,1769.0
2024-10-14,24.67,,11648.0
2024-10-15,24.66,,4897.0
2024-10-16,23.52,,13435.0
2024-10-17,23.4,,5960.0
2024-10-18,25.04,,18045.0
2024-10-21,25.12,,20759.0
2024-10-22,24.71,,19595.0
2024-10-23,23.74,,15930.0
2024-10-24,23.8,,55546.0
2024-10-25,25.09,,21248.0
2024-10-28,25.5,,15414.0
2024-10-29,24.98,,18441.0
2024-10-30,25.4,,6257.0
2024-10-31,25.91,,8882.0
2024-11-01,26.49,,5879.0
2024-11-04,26.28,,17940.0
2024-11-05,26.72,,37853.0
2024-11-06,27.2,,10519.0
2024-11-07,26.06,,9333.0
2024-11-08,26.19,,15810.0
2024-11-11,30.11,,44200.0
2024-11-12,31.08,,18093.0
2024-11-13,29.47,,21871.0
2024-11-14,28.8,,16351.0
2024-11-15,27.9,,22833.0
2024-11-18,27.67,,55866.0
2024-11-19,32.08,,18585.0
2024-11-20,33.67,,21674.0
2024-11-21,32.36,,21425.0
2024-11-22,32.7,,10614.0
2024-11-25,30.91,,31505.0
2024-11-26,30.41,,21575.0
2024-11-27,30.9,,8761.0
2024-11-29,31.54,,4327.0
2024-12-02,31.24,,17350.0
2024-12-03,32.5,,23126.0
2024-12-04,33.55,,26276.0
2024-12-05,34.0,,7430.0
2024-12-06,33.93,,25741.0
2024-12-09,32.13,,46532.0
2024-12-10,31.62,,41139.0
2024-12-11,31.39,,38065.0
2024-12-12,31.2,,43580.0
2024-12-13,31.92,,42588.0
2024-12-16,27.85,,49445.0
2024-12-17,28.77,,53761.0
2024-12-18,26.27,,56178.0
2024-12-19,26.79,,71988.0
2024-12-20,27.41,,74418.0
2024-12-23,25.28,,53362.0
2024-12-24,26.91,,13544.0
2024-12-26,26.33,,12122.0
2024-12-27,26.04,,29807.0
2024-12-30,27.31,,15825.0
2024-12-31,26.9,,21012.0
2025-01-02,26.52,,19111.0
2025-01-03,26.41,,15648.0
2025-01-06,26.1,,51576.0
2025-01-07,25.12,,39890.0
2025-01-08,25.34,,37887.0
2025-01-10,23.81,,42934.0
2025-01-13,24.55,,22137.0
2025-01-14,25.29,,34650.0
2025-01-15,26.25,,19052.0
2025-01-16,27.77,,46035.0
2025-01-17,28.28,,13536.0
2025-01-21,26.78,,10946.0
2025-01-22,25.82,,19023.0
2025-01-23,26.57,,14644.0
2025-01-24,25.82,,28564.0
2025-01-27,25.38,,19854.0
2025-01-28,25.7,,14726.0
2025-01-29,26.54,,9231.0
2025-01-30,26.08,,12832.0
2025-01-31,25.86,,9587.0
2025-02-03,25.59,,7044.0
2025-02-04,26.54,,8407.0
2025-02-05,26.77,,5542.0
2025-02-06,26.73,,13674.0
2025-02-07,25.92,,9522.0
2025-02-10,26.02,,12742.0
2025-02-11,25.44,,10391.0
2025-02-12,25.69,,14448.0
2025-02-13,25.59,,14554.0
2025-02-14,25.35,,8003.0
2025-02-18,24.71,,11823.0
2025-02-19,23.75,,16460.0
2025-02-20,23.53,,9300.0
2025-02-21,22.68,,6994.0
2025-02-24,19.74,,23932.0
2025-02-25,21.12,,28599.0
2025-02-26,21.82,,26822.0
2025-02-27,20.99,,14898.0
2025-02-28,21.1,,12316.0
2025-03-03,18.58,,10877.0
2025-03-04,17.96,,36311.0
2025-03-05,18.8,,23433.0
2025-03-06,18.72,,12069.0
2025-03-07,18.65,,8824.0
2025-03-10,15.57,,32644.0
2025-03-11,15.79,,50505.0
2025-03-12,16.36,,33000.0
2025-03-13,17.0,,22127.0
2025-03-14,17.37,,22530.0
2025-03-17,17.1,,15756.0
2025-03-18,17.22,,26982.0
2025-03-19,16.67,,8162.0
2025-03-20,16.75,,6771.0
2025-03-21,16.71,,9498.0
2025-03-24,15.96,,22997.0
2025-03-25,15.52,,12715.0
2025-03-26,15.34,,8061.0
2025-03-27,15.84,,13555.0
2025-03-28,15.25,,18639.0
2025-03-31,15.55,,11440.0
2025-04-01,15.2,,10695.0
2025-04-02,14.79,,20870.0
2025-04-03,14.14,,31759.0
2025-04-04,14.15,,17710.0
2025-04-07,14.09,,18209.0
2025-04-08,13.85,,50994.0
2025-04-09,14.89,,19166.0
2025-04-10,15.11,,16179.0
2025-04-11,15.04,,17284.0
2025-04-14,16.42,,7686.0
2025-04-15,17.43,,8070.0
2025-04-16,18.79,,22158.0
2025-04-17,20.05,,28082.0
2025-04-21,18.55,,35649.0
2025-04-22,18.99,,7610.0
2025-04-23,18.6,,9228.0
2025-04-24,18.16,,3748.0
2025-04-25,17.5,,2304.0
2025-04-28,19.02,,22752.0
2025-04-29,18.56,,8361.0
2025-04-30,18.05,,20136.0
2025-05-01,18.26,,10777.0
2025-05-02,18.34,,17586.0
2025-05-05,17.72,,6822.0
2025-05-06,18.24,,4519.0
2025-05-07,17.14,,12713.0
2025-05-08,17.38,,5456.0
2025-05-09,17.38,,16009.0
2025-05-12,17.57,,10671.0
2025-05-13,16.95,,5067.0
2025-05-14,17.91,,9479.0
2025-05-15,19.13,,7205.0
2025-05-16,18.69,,20489.0
2025-05-19,18.55,,12176.0
2025-05-20,18.66,,4785.0
2025-05-21,18.2,,4870.0
2025-05-22,17.59,,18558.0
2025-05-23,17.31,,16153.0
2025-05-27,15.06,,46705.0
2025-05-28,15.3,,19847.0
2025-05-29,15.83,,16378.0
2025-05-30,15.75,,13683.0
2025-06-02,15.46,,10928.0
2025-06-03,15.64,,13959.0
2025-06-04,15.56,,9625.0
2025-06-05,15.75,,8917.0
2025-06-06,16.81,,13797.0
2025-06-09,17.06,,15201.0
2025-06-10,17.22,,10928.0
2025-06-11,17.04,,8842.0
2025-06-12,17.5,,18445.0
2025-06-13,16.73,,13427.0
2025-06-16,17.21,,8902.0
2025-06-17,16.8,,61967.0
2025-06-18,16.9,,13577.0
2025-06-20,17.0,,20219.0
2025-06-23,17.22,,16540.0
2025-06-24,17.64,,15301.0
2025-06-25,17.45,,27207.0
2025-06-26,16.58,,4703.0
2025-06-27,16.37,,7648.0
2025-06-30,16.43,,3951.0
2025-07-01,17.1,,9446.0
2025-07-02,17.23,,10543.0
2025-07-03,17.22,,2436.0
2025-07-07,18.16,,17186.0
2025-07-08,19.11,,21102.0
2025-07-09,19.19,,6531.0
2025-07-10,19.18,,10065.0
2025-07-11,19.15,,4380.0
2025-07-14,19.18,,8984.0
2025-07-15,18.49,,8327.0
2025-07-16,18.45,,4721.0
2025-07-17,17.56,,9901.0
2025-07-18,17.25,,2916.0
2025-07-21,17.15,,4718.0
2025-07-22,17.4,,4133.0
2025-07-23,18.87,,4279.0
2025-07-24,18.77,,5409.0
2025-07-25,19.23,,2966.0
2025-07-28,17.75,,8846.0
2025-07-29,17.74,,26547.0
2025-07-30,17.8,,21594.0
2025-07-31,17.75,,19142.0
2025-08-01,17.5,,27142.0
2025-08-04,19.12,,10006.0
2025-08-05,17.79,,11029.0
2025-08-06,17.73,,6973.0
2025-08-07,17.5,,20691.0
2025-08-08,17.64,,3814.0
2025-08-11,17.5,,3970.0
2025-08-12,17.5,,2951.0
2025-08-13,18.15,,2973.0
2025-08-15,17.05,,2792.0
2025-08-18,16.99,,1193.0
2025-08-19,17.38,,5476.0
2025-08-20,17.92,,5577.0
2025-08-21,17.84,,4071.0
2025-08-22,17.87,,6108.0
2025-08-25,17.43,,6038.0
2025-08-26,17.55,,5491.0
2025-08-27,17.55,,8510.0
2025-08-28,17.8,,3524.0
2025-08-29,16.97,,13186.0
2025-09-02,16.18,,20012.0
2025-09-03,16.0,,21562.0
2025-09-04,16.29,,16781.0
2025-09-05,16.56,,26533.0
2025-09-08,17.01,,5964.0
2025-09-09,16.38,,20563.0
2025-09-10,17.31,,8431.0
2025-09-11,17.75,,16815.0
2025-09-12,19.18,,26726.0
2025-09-15,19.43,,11052.0
2025-09-16,20.96,,12171.0
2025-09-17,20.6,,18823.0
2025-09-18,23.61,,27134.0
2025-09-19,23.1,,22650.0
2025-09-22,22.36,,9651.0
2025-09-23,22.17,,4518.0
2025-09-24,21.71,,9542.0
2025-09-25,20.13,,10425.0
2025-09-26,20.22,,18732.0
2025-09-29,19.77,,12849.0
2025-09-30,19.42,,3518.0
2025-10-01,19.36,,4468.0
2025-10-02,18.8,,4378.0
2025-10-03,19.29,,6725.0
2025-10-06,18.95,,2826.0
2025-10-07,18.75,,2911.0
2025-10-08,18.65,,11815.0
2025-10-09,19.66,,9011.0
2025-10-10,18.94,,5690.0
2025-10-13,19.14,,3607.0
2025-10-14,20.21,,12028.0
2025-10-15,20.48,,6429.0
2025-10-16,19.3,,12777.0
2025-10-17,19.57,,5069.0
2025-10-20,19.63,,6170.0
2025-10-21,19.5,,4717.0
2025-10-22,18.33,,14302.0
2025-10-23,18.99,,27758.0
2025-10-24,19.47,,7845.0
2025-10-27,18.84,,3725.0
2025-10-28,18.81,,4916.0
2025-10-29,18.58,,5660.0
2025-10-30,17.75,,2688.0
2025-10-31,16.98,,4795.0
2025-11-03,17.11,,2336.0
2025-11-04,16.31,,8604.0
2025-11-05,16.43,,9394.0
2025-11-06,16.01,,5067.0
2025-11-07,16.45,,16685.0
2025-11-10,17.35,,2690.0
2025-11-11,17.48,,2566.0
2025-11-12,16.7,,6627.0
2025-11-13,17.01,,2430.0
2025-11-14,15.75,,15622.0
2025-11-17,15.49,,16919.0
2025-11-18,15.21,,3095.0
2025-11-19,15.93,,9454.0
2025-11-20,15.95,,4538.0
2025-11-21,16.29,,5376.0
2025-11-24,17.03,,8592.0
2025-11-25,17.15,,2494.0
2025-11-26,17.19,,6365.0
2025-11-28,17.55,,521.0
2025-12-01,17.5,,2228.0
2025-12-02,17.06,,3650.0
2025-12-03,17.53,,3204.0
2025-12-04,17.01,,2681.0
2025-12-05,17.01,,11036.0
2025-12-08,16.36,,4907.0
2025-12-09,15.52,,10991.0
2025-12-10,15.85,,13482.0
2025-12-11,16.52,,13240.0
2025-12-12,15.66,,4169.0
2025-12-15,14.75,,49782.0
2025-12-16,14.71,,11977.0
2025-12-17,14.8,,10022.0
2025-12-18,14.83,,12547.0
2025-12-19,14.4,,10603.0
2025-12-22,14.4,,7115.0
2025-12-23,14.5,,10909.0
2025-12-24,14.5,,1558.0
2025-12-26,14.35,,4003.0
2025-12-29,14.39,,1380.0
2025-12-30,14.55,,3485.0
2025-12-31,14.3,,1147.0
2026-01-02,14.62,,1605.0
2026-01-05,14.47,,5335.0
2026-01-06,14.45,,8387.0
2026-01-07,14.74,,5925.0
2026-01-08,15.19,,5307.0
2026-01-09,16.81,,6521.0
2026-01-12,17.21,,3569.0
2026-01-13,17.16,,8264.0
2026-01-14,17.24,,2313.0
2026-01-15,16.9,,1464.0
2026-01-16,17.39,,3177.0
2026-01-20,16.32,,2361.0
2026-01-21,16.27,,3690.0
2026-01-22,16.46,,1247.0
2026-01-23,16.28,,1115.0
2026-01-26,16.38,,2283.0
2026-01-27,16.31,,3725.0
2026-01-28,16.69,,1735.0
2026-01-29,16.94,,1813.0
2026-01-30,16.28,,1217.0
2026-02-02,16.06,,2191.0
2026-02-03,15.91,,2207.0
2026-02-04,16.36,,2359.0
2026-02-05,16.1,,1622.0
2026-02-06,16.46,,1428.0
2026-02-09,16.25,,1826.0
2026-02-10,18.02,,14233.0
2026-02-11,19.07,,5143.0
2026-02-12,19.19,,9305.0
2026-02-13,19.19,,3906.0
2026-02-17,20.22,,10662.0
2026-02-18,21.75,,8200.0
2026-02-19,21.81,,5277.0
2026-02-20,22.67,,4245.0
2026-02-23,22.56,,16215.0
2026-02-24,22.39,,7129.0
2026-02-25,21.71,,12267.0
2026-02-26,20.62,,9802.0
2026-02-27,20.76,,8365.0
2026-03-02,21.82,,11120.0
2026-03-03,20.93,,2404.0
2026-03-04,21.19,,2858.0
2026-03-05,20.51,,3048.0
2026-03-06,20.1,,2564.0
2026-03-09,19.76,,2532.0
2026-03-10,19.37,,1868.0
2026-03-11,19.08,,2866.0
2026-03-12,18.91,,2525.0
2026-03-13,19.93,,1731.0
2026-03-16,23.75,,51650.0
2026-03-17,23.89,,29120.0
2026-03-18,23.7,,12844.0
2026-03-19,23.64,,6345.0
2026-03-20,22.5,,10467.0
2026-03-23,23.63,,21030.0
2026-03-24,23.67,,20486.0
2026-03-25,23.48,,3128.0
2026-03-26,22.44,,21311.0
2026-03-27,21.4,,16855.0
2026-03-30,23.25,,16892.0
2026-03-31,23.63,,12245.0
2026-04-01,23.55,,13477.0
2026-04-02,23.36,,4997.0
2026-04-06,22.58,,7480.0
2026-04-07,21.72,,16909.0
2026-04-08,22.36,,11817.0
2026-04-09,23.2,,17673.0
2026-04-10,22.67,,7105.0
